t13,1,7490,27
t804,2,6425,28
t1109,3,6135,26
t911,4,4206,25
t1281,5,3375,23
t1184,6,3375,25
t137,7,2965,24
t1201,8,2776,23
t1280,9,2466,22
t1169,10,2016,19
t1300,11,1797,22
t1322,12,1678,21
t144,13,1585,23
t909,14,1572,26
t671,15,1564,23
t1180,16,1556,25
t105,17,1439,22
t1158,18,1362,10
t678,19,1095,15
t85,20,902,20
t1990,21,886,17
t1168,22,857,9
t1160,23,825,18
t1301,24,758,22
t1299,25,717,12
t1258,26,702,6
t1298,27,685,20
t148,28,683,20
t141,29,679,20
t812,30,664,10
t1302,31,663,8
t8,32,649,15
t1939,33,645,12
t1143,34,638,21
t1319,35,600,28
t2066,36,596,17
t1321,37,594,9
t111,38,574,20
t6048,39,566,21
t66,40,532,7
t1154,41,502,4
t1291,42,496,7
t28,43,477,1
t2337,44,466,8
t1320,45,464,11
t88,46,445,7
t1167,47,422,6
t1108,48,420,17
t95,49,419,11
t566,50,410,2
t1692,51,407,3
t670,52,386,16
t1028,53,370,8
t1288,54,362,6
t969,55,338,1
t859,56,337,6
t1244,57,335,3
t2067,58,325,6
t2069,59,325,11
t2071,60,325,11
t14,61,324,10
t1623,62,324,11
t565,63,311,11
t1323,64,307,1
t667,65,305,4
t852,66,304,1
t676,67,301,6
t43,68,295,9
t1324,69,289,6
t255,70,279,5
t997,71,279,7
t1693,72,268,1
t1697,73,268,4
t1695,74,264,5
t1159,75,264,8
t819,76,260,3
t1290,77,250,9
t1148,78,239,3
t862,79,230,2
t869,80,228,1
t1456,81,228,1
t708,82,226,14
t5728,83,225,11
t1149,84,219,4
t1297,85,213,3
t22,86,212,1
t722,87,211,1
t1699,88,210,1
t1502,89,207,2
t2047,90,207,4
t2048,91,207,5
t1694,92,202,3
t1698,93,201,3
t1596,94,198,14
t1598,95,194,9
t1085,96,189,2
t1246,97,184,1
t2064,98,179,1
t2065,99,174,3
t2070,100,174,6
t1171,101,174,7
t697,102,172,1
t1292,103,170,3
t67,104,165,5
t1361,105,165,6
t1268,106,163,2
t1238,107,163,3
t1289,108,160,1
t737,109,159,1
t1370,110,156,1
t102,111,153,1
t1155,112,151,13
t1275,113,149,2
t1279,114,148,10
t1276,115,144,1
t1384,116,138,1
t1696,117,138,1
t1156,118,138,1
t89,119,135,3
t1597,120,134,3
t690,121,133,1
t1175,122,133,1
t1513,123,133,1
t135,124,133,1
t136,125,133,1
t139,126,133,1
t2049,127,133,4
t1218,128,132,1
t1170,129,132,1
t1418,130,130,6
t694,131,129,1
t1750,132,129,3
t1208,133,128,5
t2068,134,125,5
t1136,135,122,3
t1260,136,122,4
t1325,137,121,11
t866,138,120,1
t76,139,120,1
t1038,140,120,1
t1220,141,120,1
t703,142,120,1
t1617,143,120,1
t1225,144,120,1
t864,145,120,1
t2244,146,120,1
t1195,147,120,1
t1316,148,120,1
t9586,149,120,1
t9588,150,120,1
t83,151,120,1
t1222,152,120,1
t1266,153,120,1
t3743,154,120,2
t145,155,120,2
t776,156,120,6
t5733,157,119,1
t1221,158,117,1
t5729,159,116,10
t1419,160,115,1
t5732,161,114,1
t1209,162,113,1
t1738,163,113,1
t119,164,112,1
t2462,165,111,3
t1595,166,110,4
t1608,167,109,1
t9580,168,109,2
t1618,169,109,4
t1512,170,108,1
t116,171,107,1
t1594,172,106,1
t2335,173,106,3
t11355,174,104,2
t11356,175,103,5
t11357,176,101,1
t11358,177,101,1
t11359,178,101,1
t11360,179,101,1
t11361,180,101,1
t11362,181,101,1
t11363,182,101,1
t11364,183,101,1
t11365,184,101,1
t11366,185,101,1
t11367,186,101,1
t11368,187,101,1
t11369,188,101,1
t11370,189,101,1
t2332,190,101,1
t5538,191,101,1
t1327,192,101,1
t1328,193,101,3
t1334,194,100,1
t1337,195,100,1
t1310,196,100,1
t2328,197,100,1
t1139,198,100,1
t811,199,100,1
t1927,200,100,1
t1928,201,100,1
t1599,202,100,1
t1600,203,100,1
t5768,204,100,1
t1607,205,100,1
t142,206,100,1
t143,207,100,1
t147,208,100,1
t1205,209,100,1
t735,210,100,1
t72,211,100,4
t1203,212,99,1
t1601,213,99,1
t5713,214,99,5
t1602,215,98,1
t1610,216,98,1
t17,217,98,1
t11303,218,98,1
t11304,219,98,1
t11305,220,98,1
t11306,221,98,1
t11307,222,98,1
t11308,223,98,1
t11309,224,98,1
t11310,225,98,1
t11311,226,98,1
t11312,227,98,1
t11313,228,98,1
t11314,229,98,1
t11315,230,98,1
t11316,231,98,10
t11317,232,97,1
t11318,233,97,1
t1994,234,96,2
t24,235,96,10
t1611,236,95,1
t3738,237,94,1
t11319,238,94,3
t11320,239,92,1
t11321,240,92,1
t11322,241,92,1
t11323,242,91,1
t11324,243,91,1
t11325,244,91,2
t11326,245,91,11
t11327,246,90,1
t11328,247,90,1
t11329,248,89,1
t11330,249,89,5
t11331,250,88,1
t11332,251,88,4
t11333,252,87,4
t11334,253,86,1
t1958,254,86,2
t11339,255,86,4
t11340,256,86,4
t11341,257,86,4
t11342,258,86,9
t11343,259,85,1
t11344,260,85,1
t11345,261,85,2
t11346,262,84,1
t11347,263,84,2
t11348,264,84,3
t11349,265,83,1
t11350,266,83,1
t11351,267,83,1
t11352,268,83,2
t11353,269,83,2
t11354,270,83,5
t1794,271,82,1
t860,272,82,2
t3741,273,82,2
t11336,274,82,4
t1157,275,81,1
t11337,276,81,3
t11338,277,81,3
t1364,278,81,3
t1365,279,80,1
t1366,280,80,1
t1367,281,80,1
t1259,282,80,1
t1261,283,80,3
t1262,284,79,1
t1145,285,79,2
t1151,286,78,3
t1153,287,77,1
t63,288,77,9
t11335,289,76,2
t1150,290,76,2
t3740,291,76,9
t1453,292,75,1
t5730,293,75,2
t2575,294,74,1
t84,295,74,1
t86,296,74,1
t68,297,74,1
t920,298,74,7
t5731,299,73,1
t1265,300,73,1
t1147,301,73,2
t1585,302,72,1
t11,303,72,1
t1306,304,72,2
t2430,305,71,1
t2998,306,71,1
t5931,307,71,5
t1200,308,71,9
t5726,309,70,1
t1142,310,70,1
t125,311,70,1
t1226,312,69,1
t2286,313,69,1
t1500,314,69,1
t1362,315,69,1
t1363,316,69,1
t3417,317,69,1
t4597,318,69,2
t1929,319,68,1
t1135,320,68,1
t3440,321,68,1
t3434,322,67,1
t1936,323,67,1
t1932,324,67,3
t26,325,66,1
t1192,326,66,3
t5924,327,66,3
t1504,328,66,5
t5764,329,65,2
t1144,330,63,1
t1146,331,63,1
t3437,332,63,1
t1814,333,63,1
t140,334,63,5
t146,335,62,1
t149,336,62,1
t1495,337,62,1
t1819,338,62,7
t863,339,61,2
t10024,340,61,2
t1811,341,60,1
t5707,342,59,1
t5708,343,58,1
t87,344,58,2
t127,345,56,1
t1455,346,56,1
t5712,347,56,1
t2432,348,56,2
t2570,349,56,2
t2572,350,55,1
t51,351,55,1
t2436,352,55,1
t1807,353,55,2
t1161,354,55,2
t1163,355,55,4
t2429,356,55,4
t5922,357,55,6
t5926,358,54,1
t806,359,54,1
t152,360,54,1
t2598,361,53,1
t1685,362,53,1
t910,363,53,1
t1255,364,53,1
t2825,365,53,1
t2578,366,53,3
t1152,367,52,1
t7,368,52,1
t5716,369,52,1
t5717,370,52,1
t1162,371,52,1
t1164,372,51,1
t1639,373,51,2
t2418,374,51,3
t2579,375,51,3
t9871,376,51,4
t5727,377,51,6
t1570,378,50,1
t1687,379,50,1
t1223,380,50,2
t1228,381,50,3
t1227,382,50,3
t1603,383,50,3
t1581,384,49,1
t1605,385,49,1
t1612,386,49,1
t1614,387,49,2
t1616,388,48,1
t3765,389,48,1
t688,390,48,1
t3736,391,48,1
t1584,392,48,1
t1736,393,48,1
t1812,394,48,1
t2581,395,48,1
t2583,396,48,1
t94,397,48,1
t1211,398,48,1
t3722,399,48,2
t3723,400,48,5
t5923,401,48,7
t5932,402,47,1
t1138,403,47,2
t1140,404,47,2
t1216,405,47,2
t1219,406,46,1
t1577,407,46,1
t1737,408,46,2
t2549,409,46,2
t2550,410,46,4
t9581,411,45,1
t2590,412,45,3
t2541,413,45,8
t2542,414,44,1
t2543,415,44,1
t2544,416,44,1
t1303,417,44,1
t1304,418,44,1
t1305,419,44,1
t1391,420,44,1
t1399,421,44,1
t1408,422,44,3
t2033,423,43,1
t1213,424,43,1
t138,425,43,2
t1134,426,43,4
t1256,427,42,1
t1398,428,42,1
t1215,429,42,1
t3730,430,42,1
t1821,431,42,1
t1182,432,42,1
t1198,433,42,2
t2538,434,42,4
t5715,435,42,7
t1212,436,42,7
t5718,437,41,1
t5719,438,41,1
t5720,439,41,1
t5721,440,41,2
t5722,441,41,2
t5723,442,41,3
t5724,443,41,4
t5725,444,40,1
t2007,445,40,1
t2017,446,40,1
t2022,447,40,1
t2026,448,40,2
t2034,449,40,2
t2037,450,40,3
t1688,451,40,3
t1615,452,40,4
t122,453,39,1
t3070,454,39,1
t5709,455,39,1
t5711,456,39,1
t5714,457,39,1
t1284,458,39,1
t1574,459,39,1
t1706,460,39,1
t1711,461,39,1
t6813,462,39,2
t9891,463,39,4
t9892,464,38,1
t9893,465,38,1
t9894,466,38,1
t2710,467,38,1
t5838,468,38,1
t1129,469,38,1
t3156,470,38,2
t1217,471,38,2
t1989,472,38,5
t5769,473,38,6
t5774,474,37,1
t1583,475,37,1
t2419,476,37,1
t2423,477,37,1
t2424,478,37,1
t2427,479,37,1
t768,480,37,1
t861,481,37,2
t1224,482,37,5
t1210,483,36,1
t1619,484,36,1
t1576,485,36,1
t2717,486,36,1
t2725,487,36,1
t2737,488,36,1
t2744,489,36,1
t2746,490,36,1
t2752,491,36,2
t2764,492,36,3
t2772,493,36,3
t1137,494,36,4
t1141,495,35,1
t2453,496,35,1
t5734,497,35,1
t5735,498,35,2
t5736,499,35,4
t1214,500,34,1
t1580,501,34,1
t1613,502,34,1
t2534,503,34,1
t1993,504,34,1
t2786,505,34,1
t913,506,34,3
t2558,507,34,4
t2562,508,34,5
t3739,509,34,5
t5820,510,34,5
t1719,511,34,5
t1173,512,33,1
t5787,513,33,1
t1930,514,33,1
t3735,515,33,1
t5839,516,32,1
t1559,517,32,1
t9587,518,32,1
t9591,519,32,1
t919,520,32,1
t5710,521,32,1
t1635,522,32,1
t2115,523,32,3
t3729,524,32,3
t738,525,32,4
t2820,526,31,1
t1716,527,31,3
t1741,528,31,5
t9886,529,30,1
t33,530,30,1
t29,531,30,1
t1191,532,30,1
t5706,533,30,1
t1727,534,30,2
t6434,535,30,2
t1739,536,29,1
t1681,537,29,1
t1748,538,29,1
t81,539,29,1
t6102,540,29,1
t9579,541,29,1
t3977,542,29,2
t10033,543,29,2
t10034,544,29,2
t1717,545,29,3
t1725,546,29,3
t9875,547,29,3
t9876,548,29,3
t2554,549,29,8
t1740,550,28,1
t4599,551,28,1
t1252,552,28,1
t2445,553,28,1
t2723,554,28,1
t2796,555,28,1
t1676,556,28,1
t5762,557,28,1
t9909,558,28,1
t9910,559,28,1
t21,560,28,2
t2832,561,28,2
t1561,562,28,2
t2827,563,28,6
t2833,564,27,1
t3766,565,27,1
t36,566,27,1
t103,567,27,1
t1538,568,27,1
t3769,569,27,1
t1544,570,27,1
t1705,571,27,1
t1724,572,27,1
t1733,573,27,1
t1760,574,27,1
t5918,575,27,1
t5919,576,27,1
t9870,577,27,1
t9895,578,27,2
t1772,579,27,2
t2822,580,27,2
t2838,581,27,3
t1540,582,27,3
t1674,583,27,3
t1713,584,26,1
t2768,585,26,1
t2776,586,26,1
t1368,587,26,1
t1177,588,26,1
t1194,589,26,1
t1743,590,26,1
t3518,591,26,1
t1670,592,26,1
t1604,593,26,1
t1606,594,26,1
t1609,595,26,1
t1620,596,26,1
t1771,597,26,1
t1774,598,26,1
t1815,599,26,1
t1817,600,26,1
t1822,601,26,1
t109,602,26,1
t2452,603,26,1
t2040,604,26,2
t1715,605,26,2
t1721,606,25,1
t1818,607,25,1
t2939,608,25,1
t104,609,25,1
t1369,610,25,1
t12,611,25,1
t1257,612,25,1
t2443,613,25,1
t3771,614,25,1
t1541,615,25,1
t1734,616,25,1
t2830,617,25,1
t2842,618,25,1
t5818,619,25,1
t2121,620,25,2
t2140,621,25,2
t889,622,25,3
t3059,623,25,4
t1677,624,25,5
t2426,625,25,5
t2431,626,24,1
t2438,627,24,1
t2823,628,24,1
t2829,629,24,1
t2831,630,24,1
t1701,631,24,1
t2548,632,24,1
t2552,633,24,1
t9880,634,24,1
t9881,635,24,1
t9882,636,24,1
t9883,637,24,1
t684,638,24,1
t1678,639,24,1
t1995,640,24,1
t1318,641,24,1
t3751,642,24,1
t5921,643,24,1
t5925,644,24,1
t5933,645,24,1
t1714,646,24,1
t1813,647,24,1
t1820,648,24,1
t1178,649,24,1
t1243,650,24,1
t3760,651,24,1
t6050,652,24,1
t5747,653,24,1
t2821,654,24,1
t3567,655,24,1
t1533,656,24,1
t1550,657,24,1
t1555,658,24,1
t1757,659,24,1
t2730,660,24,1
t2785,661,24,2
t769,662,24,2
t714,663,24,2
t1002,664,23,1
t2847,665,23,1
t2099,666,23,1
t1460,667,23,1
t808,668,23,1
t1307,669,23,2
t3731,670,23,2
t1763,671,23,2
t2434,672,23,2
t3750,673,23,2
t1703,674,23,2
t1234,675,23,2
t1251,676,23,4
t1731,677,23,4
t2435,678,22,1
t2627,679,22,1
t2953,680,22,1
t1669,681,22,1
t2818,682,22,1
t2819,683,22,1
t2824,684,22,1
t2826,685,22,1
t2828,686,22,1
t2834,687,22,1
t2835,688,22,1
t2836,689,22,1
t2837,690,22,2
t2839,691,22,3
t2840,692,22,3
t2841,693,21,1
t2843,694,21,1
t2844,695,21,1
t2845,696,21,1
t3793,697,21,1
t2849,698,21,1
t97,699,21,1
t1768,700,21,1
t1998,701,21,1
t2004,702,21,1
t2021,703,21,1
t3717,704,21,2
t1176,705,21,3
t5928,706,21,3
t5929,707,20,1
t5934,708,20,1
t8129,709,20,1
t9839,710,20,1
t1808,711,20,1
t1809,712,20,1
t1810,713,20,1
t1816,714,20,1
t2428,715,20,1
t2433,716,20,1
t2437,717,20,1
t4602,718,20,1
t5863,719,20,1
t5957,720,20,1
t5996,721,20,1
t6164,722,20,1
t6176,723,20,1
t6348,724,20,1
t6417,725,20,1
t6779,726,20,1
t6942,727,20,1
t6990,728,20,1
t7042,729,20,1
t9889,730,20,1
t9890,731,20,1
t2382,732,20,2
t1673,733,20,2
t5752,734,20,2
t5837,735,20,2
t156,736,20,2
t1548,737,20,3
t1680,738,19,1
t1729,739,19,1
t1843,740,19,1
t2420,741,19,1
t2421,742,19,1
t2422,743,19,1
t2425,744,19,1
t2535,745,19,1
t2951,746,19,1
t2952,747,19,1
t9874,748,19,1
t1267,749,19,2
t1962,750,19,2
t2013,751,19,2
t2018,752,19,5
t2030,753,19,7
t3442,754,18,1
t9968,755,18,1
t194,756,18,1
t1539,757,18,1
t1543,758,18,1
t1709,759,18,1
t1720,760,18,1
t1825,761,18,1
t1844,762,18,1
t7682,763,18,1
t10584,764,18,1
t10611,765,18,1
t10627,766,18,1
t10630,767,18,1
t1414,768,18,1
t1996,769,18,1
t16,770,18,1
t1542,771,18,1
t1830,772,18,1
t2439,773,18,1
t2444,774,18,1
t2447,775,18,1
t2451,776,18,1
t2734,777,18,1
t2736,778,18,1
t2743,779,18,1
t2751,780,18,1
t2753,781,18,1
t2757,782,18,1
t2763,783,18,1
t2766,784,18,1
t3780,785,18,1
t6452,786,18,1
t11017,787,18,1
t100,788,18,1
t1429,789,18,1
t1952,790,18,1
t2846,791,18,1
t1653,792,18,1
t11013,793,18,1
t1172,794,18,1
t1174,795,18,2
t1181,796,18,2
t5761,797,17,1
t1689,798,17,1
t1702,799,17,1
t1726,800,17,1
t1837,801,17,1
t1975,802,17,1
t3993,803,17,1
t6807,804,17,1
t10538,805,17,1
t10543,806,17,1
t114,807,17,1
t711,808,17,1
t1416,809,17,1
t1417,810,17,1
t2848,811,17,1
t1920,812,17,1
t2102,813,17,1
t2139,814,17,1
t2148,815,17,1
t1248,816,17,1
t2780,817,17,1
t2791,818,17,1
t3430,819,17,1
t153,820,17,1
t1554,821,17,1
t1700,822,17,1
t1758,823,17,1
t1827,824,17,1
t1831,825,17,1
t2416,826,17,1
t2546,827,17,1
t6802,828,17,1
t1415,829,17,1
t2962,830,17,1
t3045,831,17,1
t2329,832,17,1
t1590,833,17,1
t2616,834,17,1
t10029,835,17,1
t10035,836,17,1
t155,837,17,1
t1537,838,17,1
t1572,839,17,1
t1672,840,17,1
t1679,841,17,1
t1690,842,17,1
t1997,843,17,3
t1999,844,17,4
t2000,845,16,1
t2001,846,16,1
t2002,847,16,1
t2003,848,16,1
t2005,849,16,1
t2006,850,16,1
t2008,851,16,1
t2009,852,16,1
t2010,853,16,1
t2011,854,16,1
t2012,855,16,1
t2014,856,16,1
t2015,857,16,1
t2016,858,16,1
t2019,859,16,1
t2020,860,16,1
t2023,861,16,1
t2024,862,16,1
t2025,863,16,1
t2027,864,16,1
t2028,865,16,1
t2029,866,16,1
t2031,867,16,1
t2032,868,16,1
t2035,869,16,1
t2036,870,16,1
t3924,871,16,1
t3925,872,16,1
t6805,873,16,1
t10544,874,16,1
t10572,875,16,1
t1055,876,16,1
t2331,877,16,1
t2716,878,16,1
t2816,879,16,1
t6044,880,16,1
t1661,881,16,1
t1762,882,16,1
t3733,883,16,1
t7637,884,16,1
t23,885,16,1
t1579,886,16,1
t1691,887,16,1
t1712,888,16,1
t3891,889,16,1
t3931,890,16,1
t6806,891,16,1
t6880,892,16,1
t9885,893,16,1
t10025,894,16,1
t10026,895,16,1
t10031,896,16,1
t10038,897,16,1
t10039,898,16,1
t10040,899,16,1
t10041,900,16,1
t10042,901,16,1
t886,902,16,1
t5511,903,16,1
t1985,904,16,1
t1986,905,16,2
t31,906,16,2
t37,907,16,2
t56,908,16,3
t1558,909,16,3
t1567,910,16,3
t1624,911,15,1
t1625,912,15,1
t1627,913,15,1
t1628,914,15,1
t1631,915,15,1
t1686,916,15,1
t1723,917,15,1
t1735,918,15,1
t1759,919,15,1
t1839,920,15,1
t2038,921,15,1
t2042,922,15,1
t3737,923,15,1
t3764,924,15,1
t3792,925,15,1
t4007,926,15,1
t5824,927,15,1
t5936,928,15,1
t6105,929,15,1
t6432,930,15,1
t6433,931,15,1
t6440,932,15,1
t6470,933,15,1
t6823,934,15,1
t7751,935,15,1
t10027,936,15,1
t10028,937,15,1
t10030,938,15,1
t10032,939,15,1
t10036,940,15,1
t10037,941,15,1
t11016,942,15,1
t11482,943,15,1
t2461,944,15,1
t2573,945,15,1
t101,946,15,1
t106,947,15,1
t107,948,15,1
t1865,949,15,1
t1249,950,15,3
t1317,951,15,3
t2442,952,15,3
t2450,953,15,4
t2497,954,15,4
t2520,955,14,1
t5788,956,14,1
t9583,957,14,1
t10001,958,14,1
t10002,959,14,1
t10003,960,14,1
t1535,961,14,1
t1547,962,14,1
t1663,963,14,1
t1765,964,14,1
t3770,965,14,1
t3799,966,14,1
t3892,967,14,1
t4619,968,14,1
t5763,969,14,1
t6111,970,14,1
t6796,971,14,1
t2343,972,14,1
t3004,973,14,1
t5830,974,14,1
t805,975,14,1
t967,976,14,1
t992,977,14,1
t1315,978,14,1
t2459,979,14,2
t2731,980,14,2
t2774,981,14,3
t2857,982,13,1
t4160,983,13,1
t6039,984,13,1
t7404,985,13,1
t7679,986,13,1
t157,987,13,1
t815,988,13,1
t1245,989,13,1
t1247,990,13,1
t1250,991,13,1
t1253,992,13,1
t1254,993,13,1
t1675,994,13,1
t1957,995,13,1
t2440,996,13,1
t2441,997,13,1
t2446,998,13,1
t2448,999,13,1
t2449,1000,13,1
t2954,1001,13,1
t5766,1002,13,1
t5772,1003,13,1
t9582,1004,13,1
t10655,1005,13,2
t11022,1006,13,2
t11037,1007,13,4
t1444,1008,13,4
t700,1009,13,4
t938,1010,12,1
t2486,1011,12,1
t293,1012,12,1
t1133,1013,12,1
t1231,1014,12,1
t1549,1015,12,1
t1560,1016,12,1
t1662,1017,12,1
t1668,1018,12,1
t1707,1019,12,1
t1730,1020,12,1
t1767,1021,12,1
t1976,1022,12,1
t1977,1023,12,1
t1978,1024,12,1
t1979,1025,12,1
t1980,1026,12,1
t1981,1027,12,1
t1982,1028,12,1
t1983,1029,12,1
t1984,1030,12,1
t1987,1031,12,1
t1988,1032,12,1
t1991,1033,12,1
t1992,1034,12,1
t3909,1035,12,1
t5749,1036,12,1
t5930,1037,12,1
t6108,1038,12,1
t6878,1039,12,1
t10441,1040,12,1
t10507,1041,12,1
t11036,1042,12,1
t11759,1043,12,1
t11796,1044,12,1
t11798,1045,12,1
t11803,1046,12,1
t1428,1047,12,1
t1430,1048,12,1
t3479,1049,12,1
t3144,1050,12,1
t865,1051,12,1
t1879,1052,12,1
t1005,1053,12,1
t1235,1054,12,1
t1875,1055,12,1
t2338,1056,12,1
t2460,1057,12,1
t3734,1058,12,1
t1232,1059,12,1
t1233,1060,12,1
t1239,1061,12,1
t1240,1062,12,1
t1241,1063,12,1
t1242,1064,12,1
t1263,1065,12,1
t1314,1066,12,1
t1704,1067,12,1
t1773,1068,12,1
t1776,1069,12,1
t1777,1070,12,1
t1784,1071,12,1
t2943,1072,12,1
t2944,1073,12,2
t3774,1074,12,2
t4293,1075,12,2
t4295,1076,12,2
t4633,1077,12,2
t4719,1078,11,1
t4757,1079,11,1
t6018,1080,11,1
t6025,1081,11,1
t10440,1082,11,1
t10551,1083,11,1
t10553,1084,11,1
t10594,1085,11,1
t10597,1086,11,1
t10603,1087,11,1
t10695,1088,11,1
t11745,1089,11,1
t11746,1090,11,1
t11761,1091,11,1
t11763,1092,11,1
t98,1093,11,1
t2547,1094,11,1
t1931,1095,11,1
t2999,1096,11,1
t10,1097,11,1
t1961,1098,11,1
t5836,1099,11,1
t5927,1100,11,1
t6343,1101,11,1
t330,1102,11,1
t1269,1103,11,1
t1270,1104,11,1
t1271,1105,11,1
t1272,1106,11,1
t1273,1107,11,1
t1274,1108,11,1
t1277,1109,11,2
t1278,1110,11,2
t1534,1111,11,2
t1553,1112,11,2
t1575,1113,11,2
t3908,1114,11,3
t4748,1115,11,3
t5819,1116,11,5
t6112,1117,10,1
t7673,1118,10,1
t7681,1119,10,1
t10506,1120,10,1
t10511,1121,10,1
t10516,1122,10,1
t10528,1123,10,1
t10536,1124,10,1
t10588,1125,10,1
t10668,1126,10,1
t10685,1127,10,1
t10687,1128,10,1
t10701,1129,10,1
t10759,1130,10,1
t10765,1131,10,1
t10774,1132,10,1
t10789,1133,10,1
t10792,1134,10,1
t11024,1135,10,1
t931,1136,10,1
t1087,1137,10,1
t2896,1138,10,1
t2927,1139,10,1
t893,1140,10,1
t1761,1141,10,1
t7382,1142,10,1
t283,1143,10,1
t1165,1144,10,1
t1166,1145,10,1
t1236,1146,10,1
t1532,1147,10,1
t1552,1148,10,1
t1557,1149,10,1
t1571,1150,10,1
t1660,1151,10,1
t1722,1152,10,1
t1889,1153,10,1
t1959,1154,10,1
t1960,1155,10,1
t1963,1156,10,1
t1964,1157,10,1
t2569,1158,10,1
t2576,1159,10,1
t2588,1160,10,1
t2721,1161,10,1
t2724,1162,10,1
t2747,1163,10,1
t2748,1164,10,1
t2750,1165,10,1
t2755,1166,10,1
t2759,1167,10,1
t2769,1168,10,1
t2770,1169,10,1
t2775,1170,10,1
t2779,1171,10,1
t2788,1172,10,1
t2797,1173,10,1
t3949,1174,10,1
t3995,1175,10,1
t7753,1176,10,1
t10455,1177,10,1
t10480,1178,10,1
t10500,1179,10,1
t10524,1180,10,1
t10540,1181,10,1
t10541,1182,10,1
t10617,1183,10,1
t10619,1184,10,1
t10639,1185,10,2
t10665,1186,10,2
t10666,1187,10,2
t10675,1188,10,2
t10684,1189,10,2
t10749,1190,10,4
t10753,1191,9,1
t10756,1192,9,1
t10762,1193,9,1
t10763,1194,9,1
t10766,1195,9,1
t10769,1196,9,1
t10770,1197,9,1
t10776,1198,9,1
t10779,1199,9,1
t10786,1200,9,1
t11516,1201,9,1
t11522,1202,9,1
t11573,1203,9,1
t11574,1204,9,1
t11575,1205,9,1
t11576,1206,9,1
t1383,1207,9,1
t1477,1208,9,1
t3014,1209,9,1
t1467,1210,9,1
t1462,1211,9,1
t1650,1212,9,1
t6291,1213,9,1
t1764,1214,9,1
t1953,1215,9,1
t2561,1216,9,1
t3477,1217,9,1
t3732,1218,9,1
t5920,1219,9,1
t7680,1220,9,1
t7699,1221,9,1
t10013,1222,9,1
t10014,1223,9,1
t252,1224,9,1
t1179,1225,9,1
t1183,1226,9,1
t1185,1227,9,1
t1186,1228,9,1
t1187,1229,9,1
t1188,1230,9,1
t1189,1231,9,1
t1190,1232,9,1
t1193,1233,9,1
t1196,1234,9,1
t1197,1235,9,1
t1199,1236,9,1
t1666,1237,9,1
t1710,1238,9,1
t1787,1239,9,1
t2864,1240,9,1
t2865,1241,9,1
t2867,1242,9,1
t2870,1243,9,1
t2871,1244,9,1
t2881,1245,9,1
t2898,1246,9,1
t2902,1247,9,1
t2912,1248,9,1
t2918,1249,9,1
t2926,1250,9,1
t2930,1251,9,1
t10443,1252,9,1
t10447,1253,9,1
t10449,1254,9,1
t10451,1255,9,1
t10504,1256,9,1
t10527,1257,9,1
t10557,1258,9,1
t10567,1259,9,1
t10573,1260,9,1
t10651,1261,9,1
t10652,1262,9,1
t10654,1263,9,1
t10664,1264,9,1
t10672,1265,9,2
t10688,1266,9,2
t10705,1267,9,2
t10752,1268,9,2
t10754,1269,9,2
t10755,1270,9,2
t10757,1271,9,2
t10758,1272,9,2
t10760,1273,9,2
t10772,1274,9,2
t10775,1275,9,3
t10780,1276,9,4
t11515,1277,8,1
t11517,1278,8,1
t11518,1279,8,1
t11519,1280,8,1
t1431,1281,8,1
t1426,1282,8,1
t71,1283,8,1
t753,1284,8,1
t807,1285,8,1
t883,1286,8,1
t1294,1287,8,1
t2983,1288,8,1
t3038,1289,8,1
t7441,1290,8,1
t890,1291,8,1
t1766,1292,8,1
t5789,1293,8,1
t5817,1294,8,1
t7399,1295,8,1
t30,1296,8,1
t38,1297,8,1
t55,1298,8,1
t211,1299,8,1
t1644,1300,8,1
t1645,1301,8,1
t1646,1302,8,1
t1647,1303,8,1
t1671,1304,8,1
t1728,1305,8,1
t1742,1306,8,1
t1744,1307,8,1
t1745,1308,8,1
t1746,1309,8,1
t1747,1310,8,1
t1749,1311,8,1
t1779,1312,8,1
t1780,1313,8,1
t1781,1314,8,1
t1782,1315,8,1
t1793,1316,8,1
t1795,1317,8,1
t1796,1318,8,1
t1800,1319,8,1
t1801,1320,8,1
t1802,1321,8,1
t1828,1322,8,1
t1829,1323,8,1
t1833,1324,8,1
t1835,1325,8,1
t1836,1326,8,1
t1840,1327,8,1
t1842,1328,8,1
t1846,1329,8,1
t1867,1330,8,1
t1874,1331,8,1
t1916,1332,8,1
t1918,1333,8,1
t1922,1334,8,1
t1954,1335,8,1
t1955,1336,8,1
t3893,1337,8,1
t4601,1338,8,1
t4612,1339,8,1
t5841,1340,8,1
t5862,1341,8,1
t5866,1342,8,1
t5868,1343,8,1
t5880,1344,8,1
t5887,1345,8,1
t5953,1346,8,1
t5955,1347,8,1
t5962,1348,8,1
t5971,1349,8,1
t5997,1350,8,1
t5998,1351,8,1
t6001,1352,8,1
t6007,1353,8,1
t6166,1354,8,1
t6168,1355,8,1
t6171,1356,8,1
t6180,1357,8,1
t6182,1358,8,1
t6184,1359,8,1
t6190,1360,8,1
t6198,1361,8,1
t6199,1362,8,1
t6292,1363,8,1
t6311,1364,8,1
t6323,1365,8,1
t6347,1366,8,1
t6350,1367,8,1
t6361,1368,8,1
t6364,1369,8,1
t6370,1370,8,1
t6385,1371,8,1
t6401,1372,8,1
t6402,1373,8,1
t6406,1374,8,1
t6408,1375,8,1
t6412,1376,8,1
t6441,1377,8,1
t6465,1378,8,1
t6517,1379,8,1
t6556,1380,8,1
t6564,1381,8,1
t6612,1382,8,1
t6614,1383,8,1
t6652,1384,8,1
t6663,1385,8,1
t6693,1386,8,1
t6705,1387,8,1
t6728,1388,8,1
t6768,1389,8,1
t6769,1390,8,1
t6772,1391,8,1
t6774,1392,8,1
t6874,1393,8,1
t6877,1394,8,1
t6896,1395,8,1
t6931,1396,8,1
t6932,1397,8,1
t6936,1398,8,1
t6940,1399,8,1
t6999,1400,8,1
t7027,1401,8,1
t7030,1402,8,1
t7032,1403,8,1
t7038,1404,8,1
t7057,1405,8,1
t7096,1406,8,1
t7258,1407,8,1
t7292,1408,8,1
t7318,1409,8,1
t9872,1410,8,1
t9873,1411,8,1
t10467,1412,8,1
t10529,1413,8,1
t10537,1414,8,1
t10548,1415,8,1
t10563,1416,8,1
t10592,1417,8,1
t10633,1418,8,1
t10698,1419,8,1
t10761,1420,8,1
t10764,1421,8,1
t10771,1422,8,1
t10773,1423,8,1
t11029,1424,8,1
t1382,1425,8,1
t1422,1426,8,1
t34,1427,8,1
t90,1428,8,2
t79,1429,8,2
t82,1430,8,2
t108,1431,8,2
t112,1432,8,2
t113,1433,8,2
t921,1434,8,2
t825,1435,8,3
t1551,1436,8,4
t5831,1437,7,1
t6042,1438,7,1
t9713,1439,7,1
t210,1440,7,1
t218,1441,7,1
t233,1442,7,1
t236,1443,7,1
t237,1444,7,1
t239,1445,7,1
t241,1446,7,1
t250,1447,7,1
t342,1448,7,1
t809,1449,7,1
t1545,1450,7,1
t1546,1451,7,1
t1586,1452,7,1
t1659,1453,7,1
t1665,1454,7,1
t1667,1455,7,1
t1708,1456,7,1
t1718,1457,7,1
t1785,1458,7,1
t1788,1459,7,1
t1864,1460,7,1
t1872,1461,7,1
t1877,1462,7,1
t1883,1463,7,1
t2468,1464,7,1
t2505,1465,7,1
t2517,1466,7,1
t2521,1467,7,1
t3754,1468,7,1
t3776,1469,7,1
t3866,1470,7,1
t4785,1471,7,1
t5130,1472,7,1
t6453,1473,7,1
t6827,1474,7,1
t7674,1475,7,1
t7685,1476,7,1
t7700,1477,7,1
t7702,1478,7,1
t7703,1479,7,1
t9599,1480,7,1
t9601,1481,7,1
t9887,1482,7,1
t9911,1483,7,1
t9912,1484,7,1
t9913,1485,7,1
t9914,1486,7,1
t10427,1487,7,1
t10438,1488,7,1
t10512,1489,7,1
t10518,1490,7,1
t10521,1491,7,1
t10523,1492,7,1
t10542,1493,7,1
t10571,1494,7,1
t10576,1495,7,1
t10624,1496,7,1
t10638,1497,7,1
t10689,1498,7,1
t10750,1499,7,1
t10782,1500,7,1
t10783,1501,7,1
t10880,1502,7,1
t11520,1503,7,1
t11521,1504,7,1
t11663,1505,7,1
t11668,1506,7,2
t11677,1507,7,2
t11682,1508,7,2
t784,1509,7,2
t1264,1510,7,2
t1507,1511,7,3
t2051,1512,7,3
t130,1513,7,4
t1457,1514,6,1
t75,1515,6,1
t115,1516,6,1
t118,1517,6,1
t3177,1518,6,1
t3180,1519,6,1
t3194,1520,6,1
t3198,1521,6,1
t1683,1522,6,1
t2851,1523,6,1
t2907,1524,6,1
t2956,1525,6,1
t3000,1526,6,1
t4842,1527,6,1
t10063,1528,6,1
t163,1529,6,1
t170,1530,6,1
t175,1531,6,1
t179,1532,6,1
t185,1533,6,1
t186,1534,6,1
t195,1535,6,1
t196,1536,6,1
t264,1537,6,1
t1573,1538,6,1
t1582,1539,6,1
t1888,1540,6,1
t3906,1541,6,1
t3990,1542,6,1
t4027,1543,6,1
t4028,1544,6,1
t4136,1545,6,1
t4729,1546,6,1
t4735,1547,6,1
t4853,1548,6,1
t5410,1549,6,1
t5414,1550,6,1
t5495,1551,6,1
t5496,1552,6,1
t5792,1553,6,1
t5973,1554,6,1
t6114,1555,6,1
t6436,1556,6,1
t6468,1557,6,1
t6988,1558,6,1
t6998,1559,6,1
t7706,1560,6,1
t7707,1561,6,1
t7765,1562,6,1
t7766,1563,6,1
t9896,1564,6,1
t10493,1565,6,1
t10503,1566,6,1
t10532,1567,6,1
t10549,1568,6,1
t10560,1569,6,1
t10696,1570,6,1
t10784,1571,6,1
t11027,1572,6,1
t11033,1573,6,1
t18,1574,6,1
t3074,1575,6,1
t91,1576,6,1
t93,1577,6,1
t802,1578,6,1
t827,1579,6,1
t877,1580,6,1
t882,1581,6,1
t1287,1582,6,1
t2704,1583,6,1
t2705,1584,6,1
t2706,1585,6,1
t2707,1586,6,1
t2720,1587,6,1
t7367,1588,6,1
t1536,1589,6,1
t2396,1590,6,1
t2398,1591,6,1
t2950,1592,6,1
t3051,1593,6,1
t3072,1594,6,1
t3073,1595,6,1
t3085,1596,6,1
t7400,1597,6,1
t9840,1598,6,1
t810,1599,6,1
t814,1600,6,1
t1562,1601,6,1
t1870,1602,6,1
t1901,1603,6,1
t2545,1604,6,1
t2551,1605,6,1
t2553,1606,6,1
t2555,1607,6,1
t2556,1608,6,1
t2557,1609,6,1
t2940,1610,6,1
t2978,1611,6,1
t2979,1612,6,1
t2980,1613,6,1
t2981,1614,6,1
t2982,1615,6,1
t2984,1616,6,1
t2985,1617,6,1
t2986,1618,6,1
t2987,1619,6,1
t2988,1620,6,1
t2989,1621,6,1
t2990,1622,6,1
t2991,1623,6,1
t2992,1624,6,1
t2993,1625,6,1
t2994,1626,6,1
t2995,1627,6,1
t2996,1628,6,1
t2997,1629,6,1
t3001,1630,6,1
t3002,1631,6,1
t3003,1632,6,1
t3005,1633,6,1
t3006,1634,6,1
t3772,1635,6,1
t3861,1636,6,1
t3926,1637,6,1
t3958,1638,6,1
t3972,1639,6,1
t4020,1640,6,1
t4021,1641,6,1
t4636,1642,6,1
t4721,1643,6,1
t4817,1644,6,1
t5194,1645,6,1
t6106,1646,6,1
t6818,1647,6,1
t6819,1648,6,1
t6829,1649,6,1
t6857,1650,6,1
t6989,1651,6,1
t6997,1652,6,1
t9877,1653,6,1
t10517,1654,6,1
t10566,1655,6,1
t10713,1656,6,1
t11018,1657,6,1
t11019,1658,6,1
t12476,1659,6,1
t12479,1660,6,1
t12493,1661,6,1
t1421,1662,6,1
t1424,1663,6,1
t1425,1664,6,1
t1432,1665,6,1
t133,1666,6,1
t826,1667,6,1
t870,1668,6,1
t2679,1669,6,1
t4547,1670,6,1
t798,1671,6,1
t803,1672,6,1
t6294,1673,6,1
t7391,1674,6,1
t7451,1675,6,1
t1925,1676,6,1
t3106,1677,6,1
t3752,1678,6,1
t6241,1679,6,1
t7440,1680,6,1
t212,1681,6,1
t1568,1682,6,1
t1622,1683,6,1
t1636,1684,6,1
t1649,1685,6,1
t1769,1686,6,1
t1778,1687,6,1
t1866,1688,6,1
t1869,1689,6,1
t2413,1690,6,1
t2855,1691,6,1
t2862,1692,6,1
t2866,1693,6,1
t2872,1694,6,1
t2877,1695,6,1
t2887,1696,6,1
t2893,1697,6,1
t2894,1698,6,1
t2897,1699,6,1
t2914,1700,6,1
t2915,1701,6,1
t2919,1702,6,1
t2925,1703,6,1
t2955,1704,6,1
t3022,1705,6,1
t3742,1706,6,1
t3773,1707,6,1
t3863,1708,6,1
t3899,1709,6,1
t3900,1710,6,1
t3901,1711,6,1
t3902,1712,6,1
t3903,1713,6,1
t3904,1714,6,1
t3961,1715,6,1
t3964,1716,6,2
t3966,1717,6,2
t4254,1718,6,2
t4255,1719,6,2
t4603,1720,6,2
t4828,1721,6,2
t4871,1722,6,2
t5007,1723,6,2
t5185,1724,6,2
t5753,1725,6,2
t5823,1726,6,2
t5825,1727,6,2
t5846,1728,6,2
t5935,1729,6,3
t5937,1730,6,3
t5969,1731,6,3
t5999,1732,6,3
t6038,1733,5,1
t6045,1734,5,1
t6104,1735,5,1
t6223,1736,5,1
t6231,1737,5,1
t6286,1738,5,1
t6425,1739,5,1
t6439,1740,5,1
t6445,1741,5,1
t6450,1742,5,1
t6466,1743,5,1
t6486,1744,5,1
t6795,1745,5,1
t6803,1746,5,1
t6812,1747,5,1
t6820,1748,5,1
t6826,1749,5,1
t6875,1750,5,1
t7950,1751,5,1
t7951,1752,5,1
t7956,1753,5,1
t9901,1754,5,1
t9919,1755,5,1
t10448,1756,5,1
t10505,1757,5,1
t10578,1758,5,1
t10720,1759,5,1
t10721,1760,5,1
t10845,1761,5,1
t11039,1762,5,1
t11483,1763,5,1
t11499,1764,5,1
t11504,1765,5,1
t11505,1766,5,1
t11510,1767,5,1
t12474,1768,5,1
t12482,1769,5,1
t12490,1770,5,1
t12495,1771,5,1
t1423,1772,5,1
t785,1773,5,1
t1508,1774,5,1
t1371,1775,5,1
t3962,1776,5,1
t65,1777,5,1
t69,1778,5,1
t78,1779,5,1
t742,1780,5,1
t987,1781,5,1
t1312,1782,5,1
t2798,1783,5,1
t2809,1784,5,1
t4481,1785,5,1
t6624,1786,5,1
t6630,1787,5,1
t7481,1788,5,1
t73,1789,5,1
t80,1790,5,1
t110,1791,5,1
t898,1792,5,1
t1851,1793,5,1
t1949,1794,5,1
t2593,1795,5,1
t2850,1796,5,1
t2876,1797,5,1
t2884,1798,5,1
t3032,1799,5,1
t3146,1800,5,1
t3956,1801,5,1
t5829,1802,5,1
t7662,1803,5,1
t10045,1804,5,1
t10046,1805,5,1
t10047,1806,5,1
t10049,1807,5,1
t10050,1808,5,1
t158,1809,5,1
t159,1810,5,1
t209,1811,5,1
t1578,1812,5,1
t1658,1813,5,1
t1896,1814,5,1
t2374,1815,5,1
t2559,1816,5,1
t3775,1817,5,1
t3971,1818,5,1
t3979,1819,5,1
t4072,1820,5,1
t4596,1821,5,1
t4600,1822,5,1
t4604,1823,5,1
t4750,1824,5,1
t4752,1825,5,1
t4897,1826,5,1
t5068,1827,5,1
t5152,1828,5,1
t5695,1829,5,1
t5776,1830,5,1
t6101,1831,5,1
t6864,1832,5,1
t6865,1833,5,1
t6866,1834,5,1
t7672,1835,5,1
t7677,1836,5,1
t7678,1837,5,1
t7709,1838,5,1
t7717,1839,5,1
t7759,1840,5,1
t7761,1841,5,1
t9907,1842,5,1
t9908,1843,5,1
t9918,1844,5,1
t9933,1845,5,1
t9934,1846,5,1
t10426,1847,5,1
t10431,1848,5,1
t10433,1849,5,1
t10519,1850,5,1
t10555,1851,5,1
t10565,1852,5,1
t10593,1853,5,1
t10649,1854,5,1
t10650,1855,5,1
t10653,1856,5,1
t10656,1857,5,1
t10711,1858,5,1
t10787,1859,5,1
t10887,1860,5,1
t11023,1861,5,1
t11040,1862,5,1
t1427,1863,5,1
t99,1864,5,1
t797,1865,5,1
t895,1866,5,1
t2072,1867,5,1
t2738,1868,5,1
t64,1869,5,1
t74,1870,5,1
t77,1871,5,1
t117,1872,5,1
t1452,1873,5,1
t1798,1874,5,1
t2539,1875,5,1
t7691,1876,5,1
t41,1877,5,1
t217,1878,5,1
t220,1879,5,1
t221,1880,5,1
t222,1881,5,1
t225,1882,5,1
t228,1883,5,1
t230,1884,5,1
t267,1885,5,1
t434,1886,5,1
t516,1887,5,1
t521,1888,5,1
t532,1889,5,1
t1556,1890,5,1
t1591,1891,5,1
t1664,1892,5,1
t1791,1893,5,1
t1876,1894,5,1
t1886,1895,5,1
t1891,1896,5,1
t1893,1897,5,1
t1899,1898,5,1
t1900,1899,5,1
t1902,1900,5,1
t2973,1901,5,1
t3046,1902,5,1
t3748,1903,5,1
t4009,1904,5,1
t4134,1905,5,1
t4276,1906,5,1
t4294,1907,5,1
t4653,1908,5,1
t4738,1909,5,1
t4788,1910,5,1
t4791,1911,5,1
t4803,1912,5,1
t4880,1913,5,1
t5160,1914,5,1
t5199,1915,5,1
t5205,1916,5,1
t5211,1917,5,1
t5779,1918,5,1
t5793,1919,5,1
t5795,1920,5,1
t5860,1921,5,1
t6019,1922,5,1
t6020,1923,5,1
t6027,1924,5,1
t7687,1925,5,1
t7689,1926,5,1
t7693,1927,5,1
t7701,1928,5,1
t7704,1929,5,1
t8006,1930,5,1
t8009,1931,5,1
t8010,1932,5,1
t8012,1933,5,2
t8019,1934,5,2
t8022,1935,5,2
t8024,1936,5,2
t8028,1937,5,2
t8029,1938,5,2
t8054,1939,5,2
t8056,1940,5,2
t8060,1941,5,2
t8062,1942,5,2
t8156,1943,5,2
t8157,1944,5,2
t8159,1945,5,2
t8160,1946,5,2
t8306,1947,5,2
t8311,1948,5,2
t8312,1949,5,3
t8318,1950,5,3
t9868,1951,5,3
t9869,1952,4,1
t9900,1953,4,1
t10425,1954,4,1
t10550,1955,4,1
t10552,1956,4,1
t10556,1957,4,1
t10610,1958,4,1
t10636,1959,4,1
t10659,1960,4,1
t10660,1961,4,1
t10661,1962,4,1
t10662,1963,4,1
t10663,1964,4,1
t10667,1965,4,1
t10669,1966,4,1
t10670,1967,4,1
t10671,1968,4,1
t10673,1969,4,1
t10674,1970,4,1
t10676,1971,4,1
t10677,1972,4,1
t10678,1973,4,1
t10679,1974,4,1
t10680,1975,4,1
t10681,1976,4,1
t10682,1977,4,1
t10683,1978,4,1
t10686,1979,4,1
t10690,1980,4,1
t10691,1981,4,1
t10692,1982,4,1
t10693,1983,4,1
t10694,1984,4,1
t10697,1985,4,1
t10699,1986,4,1
t10700,1987,4,1
t10702,1988,4,1
t10703,1989,4,1
t10704,1990,4,1
t10706,1991,4,1
t10708,1992,4,1
t10709,1993,4,1
t10718,1994,4,1
t10724,1995,4,1
t10727,1996,4,1
t10733,1997,4,1
t10882,1998,4,1
t10884,1999,4,1
t11015,2000,4,1
t11031,2001,4,1
t12473,2002,4,1
t12478,2003,4,1
t12489,2004,4,1
t1476,2005,4,1
t771,2006,4,1
t2050,2007,4,1
t872,2008,4,1
t3057,2009,4,1
t151,2010,4,1
t923,2011,4,1
t925,2012,4,1
t934,2013,4,1
t940,2014,4,1
t996,2015,4,1
t998,2016,4,1
t1386,2017,4,1
t1854,2018,4,1
t3058,2019,4,1
t4773,2020,4,1
t5609,2021,4,1
t10147,2022,4,1
t70,2023,4,1
t880,2024,4,1
t1803,2025,4,1
t1882,2026,4,1
t1950,2027,4,1
t2346,2028,4,1
t2565,2029,4,1
t2742,2030,4,1
t2767,2031,4,1
t2782,2032,4,1
t2806,2033,4,1
t2868,2034,4,1
t2941,2035,4,1
t3176,2036,4,1
t3179,2037,4,1
t3182,2038,4,1
t3203,2039,4,1
t3482,2040,4,1
t3493,2041,4,1
t3494,2042,4,1
t3495,2043,4,1
t3496,2044,4,1
t3502,2045,4,1
t3506,2046,4,1
t3514,2047,4,1
t9981,2048,4,1
t9982,2049,4,1
t9983,2050,4,1
t9984,2051,4,1
t154,2052,4,1
t216,2053,4,1
t273,2054,4,1
t281,2055,4,1
t331,2056,4,1
t332,2057,4,1
t333,2058,4,1
t334,2059,4,1
t335,2060,4,1
t336,2061,4,1
t337,2062,4,1
t338,2063,4,1
t339,2064,4,1
t340,2065,4,1
t341,2066,4,1
t517,2067,4,1
t523,2068,4,1
t1751,2069,4,1
t1863,2070,4,1
t1871,2071,4,1
t1885,2072,4,1
t1907,2073,4,1
t2568,2074,4,1
t2571,2075,4,1
t2574,2076,4,1
t2577,2077,4,1
t2580,2078,4,1
t2582,2079,4,1
t2584,2080,4,1
t2585,2081,4,1
t2586,2082,4,1
t2587,2083,4,1
t2589,2084,4,1
t2708,2085,4,1
t2709,2086,4,1
t2711,2087,4,1
t2712,2088,4,1
t2713,2089,4,1
t2714,2090,4,1
t2715,2091,4,1
t2719,2092,4,1
t2727,2093,4,1
t2728,2094,4,1
t2729,2095,4,1
t2732,2096,4,1
t2735,2097,4,1
t2741,2098,4,1
t2754,2099,4,1
t2761,2100,4,1
t2777,2101,4,1
t2778,2102,4,1
t2783,2103,4,1
t2789,2104,4,1
t2804,2105,4,1
t2807,2106,4,1
t2810,2107,4,1
t3838,2108,4,1
t3975,2109,4,1
t3997,2110,4,1
t4004,2111,4,1
t4074,2112,4,1
t4100,2113,4,1
t4102,2114,4,1
t4256,2115,4,1
t4408,2116,4,1
t4638,2117,4,1
t4674,2118,4,1
t4751,2119,4,1
t4767,2120,4,1
t4783,2121,4,1
t4799,2122,4,1
t4841,2123,4,1
t5066,2124,4,1
t5116,2125,4,1
t5128,2126,4,1
t6107,2127,4,1
t6113,2128,4,1
t6794,2129,4,1
t6822,2130,4,1
t6833,2131,4,1
t6858,2132,4,1
t9898,2133,4,1
t9899,2134,4,1
t10043,2135,4,1
t10044,2136,4,1
t10510,2137,4,1
t10514,2138,4,1
t10515,2139,4,1
t10520,2140,4,1
t10525,2141,4,1
t10530,2142,4,1
t10535,2143,4,1
t10547,2144,4,1
t10554,2145,4,1
t10569,2146,4,1
t10581,2147,4,1
t10590,2148,4,1
t10621,2149,4,1
t10637,2150,4,1
t10719,2151,4,1
t10722,2152,4,1
t10728,2153,4,1
t10730,2154,4,1
t10743,2155,4,1
t10744,2156,4,1
t10746,2157,4,1
t10751,2158,4,1
t10767,2159,4,1
t10768,2160,4,1
t10778,2161,4,1
t10790,2162,4,1
t10791,2163,4,1
t10800,2164,4,1
t10801,2165,4,1
t10802,2166,4,1
t10804,2167,4,1
t10805,2168,4,1
t10806,2169,4,1
t10807,2170,4,1
t10808,2171,4,1
t11014,2172,4,1
t11028,2173,4,1
t11030,2174,4,1
t11032,2175,4,1
t11051,2176,4,1
t11062,2177,4,1
t11565,2178,4,1
t11566,2179,4,1
t11567,2180,4,1
t11568,2181,4,1
t11569,2182,4,1
t11570,2183,4,1
t11571,2184,4,1
t11572,2185,4,1
t11605,2186,4,1
t11624,2187,4,1
t11743,2188,4,1
t11750,2189,4,1
t11765,2190,4,1
t11778,2191,4,1
t11793,2192,4,1
t11873,2193,4,1
t12007,2194,4,1
t12008,2195,4,1
t12011,2196,4,1
t12017,2197,4,1
t12145,2198,4,1
t12146,2199,4,1
t12147,2200,4,1
t12148,2201,4,1
t12149,2202,4,1
t12150,2203,4,1
t12151,2204,4,1
t12152,2205,4,1
t50,2206,4,1
t1466,2207,4,1
t875,2208,4,1
t1489,2209,4,1
t1514,2210,4,1
t1526,2211,4,1
t3546,2212,4,1
t96,2213,4,1
t1229,2214,4,1
t1230,2215,4,1
t1458,2216,4,1
t1587,2217,4,1
t5587,2218,4,1
t27,2219,4,1
t92,2220,4,1
t696,2221,4,1
t1912,2222,4,1
t3109,2223,4,1
t4159,2224,4,1
t39,2225,4,1
t54,2226,4,1
t343,2227,4,1
t421,2228,4,1
t519,2229,4,1
t543,2230,4,1
t828,2231,4,1
t829,2232,4,1
t1626,2233,4,1
t1629,2234,4,1
t1630,2235,4,1
t1632,2236,4,1
t1638,2237,4,1
t1641,2238,4,1
t1642,2239,4,1
t1732,2240,4,1
t1752,2241,4,1
t1770,2242,4,1
t1775,2243,4,1
t1786,2244,4,1
t1797,2245,4,1
t1799,2246,4,1
t1804,2247,4,1
t1805,2248,4,1
t1806,2249,4,1
t1824,2250,4,1
t1826,2251,4,1
t1832,2252,4,1
t1834,2253,4,1
t1838,2254,4,1
t1841,2255,4,1
t1845,2256,4,1
t1856,2257,4,1
t1878,2258,4,1
t1908,2259,4,1
t1914,2260,4,1
t1915,2261,4,1
t1919,2262,4,1
t1923,2263,4,1
t1924,2264,4,1
t1933,2265,4,1
t1934,2266,4,1
t1935,2267,4,1
t1937,2268,4,1
t1944,2269,4,1
t1946,2270,4,1
t2560,2271,4,1
t2563,2272,4,1
t2564,2273,4,1
t2718,2274,4,1
t2722,2275,4,1
t2726,2276,4,1
t2733,2277,4,1
t2739,2278,4,1
t2740,2279,4,1
t2745,2280,4,1
t2749,2281,4,1
t2756,2282,4,1
t2758,2283,4,1
t2760,2284,4,1
t2762,2285,4,1
t2765,2286,4,1
t2771,2287,4,1
t2773,2288,4,1
t2781,2289,4,1
t2784,2290,4,1
t2787,2291,4,1
t2790,2292,4,1
t2792,2293,4,1
t2793,2294,4,1
t2794,2295,4,1
t2795,2296,4,1
t2799,2297,4,1
t2800,2298,4,1
t2801,2299,4,1
t2802,2300,4,1
t2803,2301,4,1
t2805,2302,4,1
t2808,2303,4,1
t2811,2304,4,1
t2812,2305,4,1
t2813,2306,4,1
t2814,2307,4,1
t2815,2308,4,1
t2854,2309,4,1
t2859,2310,4,1
t2860,2311,4,1
t2878,2312,4,1
t2879,2313,4,1
t2882,2314,4,1
t2885,2315,4,1
t2889,2316,4,1
t2891,2317,4,1
t2901,2318,4,1
t2903,2319,4,1
t2911,2320,4,1
t2921,2321,4,2
t2924,2322,4,2
t2935,2323,4,2
t2937,2324,4,2
t2970,2325,4,2
t2976,2326,4,2
t3747,2327,4,2
t3756,2328,4,2
t3758,2329,4,2
t3759,2330,4,2
t3851,2331,4,2
t3855,2332,4,2
t3857,2333,4,2
t4179,2334,4,2
t4180,2335,4,2
t4182,2336,4,2
t4410,2337,4,2
t4606,2338,4,2
t4716,2339,4,2
t4741,2340,4,2
t4744,2341,4,2
t4823,2342,4,2
t4827,2343,4,2
t4831,2344,4,2
t4865,2345,4,2
t5050,2346,4,3
t5058,2347,4,3
t5086,2348,4,3
t5114,2349,3,1
t5156,2350,3,1
t5193,2351,3,1
t5197,2352,3,1
t5484,2353,3,1
t5502,2354,3,1
t5503,2355,3,1
t5746,2356,3,1
t5784,2357,3,1
t5803,2358,3,1
t5810,2359,3,1
t5842,2360,3,1
t5843,2361,3,1
t5851,2362,3,1
t5864,2363,3,1
t5865,2364,3,1
t5867,2365,3,1
t5872,2366,3,1
t5876,2367,3,1
t5879,2368,3,1
t5881,2369,3,1
t5892,2370,3,1
t5895,2371,3,1
t5896,2372,3,1
t5906,2373,3,1
t5910,2374,3,1
t5941,2375,3,1
t5954,2376,3,1
t5958,2377,3,1
t5959,2378,3,1
t5967,2379,3,1
t5974,2380,3,1
t5975,2381,3,1
t5978,2382,3,1
t5995,2383,3,1
t6004,2384,3,1
t6006,2385,3,1
t6011,2386,3,1
t6012,2387,3,1
t6013,2388,3,1
t6024,2389,3,1
t6055,2390,3,1
t6103,2391,3,1
t6119,2392,3,1
t6123,2393,3,1
t6163,2394,3,1
t6167,2395,3,1
t6169,2396,3,1
t6170,2397,3,1
t6179,2398,3,1
t6181,2399,3,1
t6183,2400,3,1
t6185,2401,3,1
t6187,2402,3,1
t6191,2403,3,1
t6197,2404,3,1
t6201,2405,3,1
t6205,2406,3,1
t6207,2407,3,1
t6208,2408,3,1
t6209,2409,3,1
t6217,2410,3,1
t6219,2411,3,1
t6259,2412,3,1
t6261,2413,3,1
t6266,2414,3,1
t6272,2415,3,1
t6277,2416,3,1
t6293,2417,3,1
t6295,2418,3,1
t6305,2419,3,1
t6310,2420,3,1
t6314,2421,3,1
t6315,2422,3,1
t6317,2423,3,1
t6318,2424,3,1
t6319,2425,3,1
t6344,2426,3,1
t6346,2427,3,1
t6349,2428,3,1
t6356,2429,3,1
t6358,2430,3,1
t6359,2431,3,1
t6365,2432,3,1
t6369,2433,3,1
t6372,2434,3,1
t6374,2435,3,1
t6382,2436,3,1
t6388,2437,3,1
t6391,2438,3,1
t6392,2439,3,1
t6396,2440,3,1
t6398,2441,3,1
t6400,2442,3,1
t6403,2443,3,1
t6411,2444,3,1
t6414,2445,3,1
t6416,2446,3,1
t6420,2447,3,1
t6421,2448,3,1
t6424,2449,3,1
t6428,2450,3,1
t6448,2451,3,1
t6449,2452,3,1
t6455,2453,3,1
t6456,2454,3,1
t6471,2455,3,1
t6474,2456,3,1
t6477,2457,3,1
t6481,2458,3,1
t6494,2459,3,1
t6501,2460,3,1
t6508,2461,3,1
t6511,2462,3,1
t6513,2463,3,1
t6531,2464,3,1
t6532,2465,3,1
t6550,2466,3,1
t6555,2467,3,1
t6557,2468,3,1
t6559,2469,3,1
t6560,2470,3,1
t6562,2471,3,1
t6569,2472,3,1
t6574,2473,3,1
t6594,2474,3,1
t6613,2475,3,1
t6616,2476,3,1
t6617,2477,3,1
t6618,2478,3,1
t6622,2479,3,1
t6628,2480,3,1
t6654,2481,3,1
t6656,2482,3,1
t6658,2483,3,1
t6659,2484,3,1
t6670,2485,3,1
t6673,2486,3,1
t6674,2487,3,1
t6677,2488,3,1
t6682,2489,3,1
t6688,2490,3,1
t6690,2491,3,1
t6697,2492,3,1
t6704,2493,3,1
t6711,2494,3,1
t6729,2495,3,1
t6730,2496,3,1
t6732,2497,3,1
t6734,2498,3,1
t6741,2499,3,1
t6761,2500,3,1
t6770,2501,3,1
t6771,2502,3,1
t6775,2503,3,1
t6778,2504,3,1
t6781,2505,3,1
t6786,2506,3,1
t6799,2507,3,1
t6839,2508,3,1
t6869,2509,3,1
t6892,2510,3,1
t6893,2511,3,1
t6898,2512,3,1
t6907,2513,3,1
t6930,2514,3,1
t6939,2515,3,1
t6941,2516,3,1
t6943,2517,3,1
t6944,2518,3,1
t6949,2519,3,1
t6976,2520,3,1
t6984,2521,3,1
t6985,2522,3,1
t6987,2523,3,1
t7005,2524,3,1
t7007,2525,3,1
t7011,2526,3,1
t7029,2527,3,1
t7031,2528,3,1
t7034,2529,3,1
t7039,2530,3,1
t7041,2531,3,1
t7045,2532,3,1
t7051,2533,3,1
t7059,2534,3,1
t7061,2535,3,1
t7066,2536,3,1
t7078,2537,3,1
t7097,2538,3,1
t7100,2539,3,1
t7103,2540,3,1
t7110,2541,3,1
t7124,2542,3,1
t7128,2543,3,1
t7131,2544,3,1
t7199,2545,3,1
t7201,2546,3,1
t7234,2547,3,1
t7239,2548,3,1
t7257,2549,3,1
t7259,2550,3,1
t7265,2551,3,1
t7273,2552,3,1
t7275,2553,3,1
t7278,2554,3,1
t7293,2555,3,1
t7295,2556,3,1
t7298,2557,3,1
t7310,2558,3,1
t7312,2559,3,1
t7317,2560,3,1
t7683,2561,3,1
t7684,2562,3,1
t7705,2563,3,1
t7711,2564,3,1
t7769,2565,3,1
t7773,2566,3,1
t7961,2567,3,1
t7964,2568,3,1
t7966,2569,3,1
t7975,2570,3,1
t8175,2571,3,1
t8177,2572,3,1
t8334,2573,3,1
t8337,2574,3,1
t8338,2575,3,1
t8344,2576,3,1
t8719,2577,3,1
t8721,2578,3,1
t8724,2579,3,1
t8731,2580,3,1
t8733,2581,3,1
t8734,2582,3,1
t8738,2583,3,1
t8838,2584,3,1
t9042,2585,3,1
t9903,2586,3,1
t9904,2587,3,1
t10005,2588,3,1
t10006,2589,3,1
t10007,2590,3,1
t10008,2591,3,1
t10444,2592,3,1
t10445,2593,3,1
t10446,2594,3,1
t10450,2595,3,1
t10452,2596,3,1
t10453,2597,3,1
t10454,2598,3,1
t10456,2599,3,1
t10508,2600,3,1
t10533,2601,3,1
t10546,2602,3,1
t10574,2603,3,1
t10582,2604,3,1
t10602,2605,3,1
t10609,2606,3,1
t10622,2607,3,1
t10623,2608,3,1
t10635,2609,3,1
t10641,2610,3,1
t10726,2611,3,1
t10732,2612,3,1
t10737,2613,3,1
t10741,2614,3,1
t10748,2615,3,1
t10777,2616,3,1
t10781,2617,3,1
t10785,2618,3,1
t10821,2619,3,1
t10822,2620,3,1
t10823,2621,3,1
t10824,2622,3,1
t10825,2623,3,1
t10826,2624,3,1
t10827,2625,3,1
t10828,2626,3,1
t10829,2627,3,1
t10830,2628,3,1
t10831,2629,3,1
t10832,2630,3,1
t10833,2631,3,1
t10834,2632,3,1
t10835,2633,3,1
t10836,2634,3,1
t10837,2635,3,1
t10838,2636,3,1
t10839,2637,3,1
t10840,2638,3,1
t10841,2639,3,1
t10842,2640,3,1
t10843,2641,3,1
t10844,2642,3,1
t11053,2643,3,1
t11619,2644,3,1
t11620,2645,3,1
t11623,2646,3,1
t11625,2647,3,1
t11749,2648,3,1
t11756,2649,3,1
t11770,2650,3,1
t11772,2651,3,1
t11877,2652,3,1
t11882,2653,3,1
t11888,2654,3,1
t11895,2655,3,1
t11927,2656,3,1
t11928,2657,3,1
t3166,2658,3,1
t132,2659,3,1
t134,2660,3,1
t800,2661,3,1
t823,2662,3,1
t1070,2663,3,1
t123,2664,3,1
t128,2665,3,1
t129,2666,3,1
t762,2667,3,1
t878,2668,3,1
t1484,2669,3,1
t2417,2670,3,1
t5585,2671,3,1
t5834,2672,3,1
t6620,2673,3,1
t6626,2674,3,1
t6629,2675,3,1
t48,2676,3,1
t853,2677,3,1
t1075,2678,3,1
t1084,2679,3,1
t1091,2680,3,1
t1308,2681,3,1
t1356,2682,3,1
t1461,2683,3,1
t1884,2684,3,1
t2388,2685,3,1
t3071,2686,3,1
t3075,2687,3,1
t3077,2688,3,1
t4071,2689,3,1
t4819,2690,3,1
t4978,2691,3,1
t5163,2692,3,1
t7389,2693,3,1
t8943,2694,3,1
t11713,2695,3,1
t11899,2696,3,1
t839,2697,3,1
t1295,2698,3,1
t1296,2699,3,1
t1754,2700,3,1
t1790,2701,3,1
t1890,2702,3,1
t1892,2703,3,1
t1894,2704,3,1
t1906,2705,3,1
t2591,2706,3,1
t2592,2707,3,1
t2852,2708,3,1
t2853,2709,3,1
t2856,2710,3,1
t2858,2711,3,1
t2861,2712,3,1
t2863,2713,3,1
t2869,2714,3,1
t2873,2715,3,1
t2874,2716,3,1
t2875,2717,3,1
t2880,2718,3,1
t2883,2719,3,1
t2886,2720,3,1
t2888,2721,3,1
t2890,2722,3,1
t2892,2723,3,1
t2895,2724,3,1
t2899,2725,3,1
t2900,2726,3,1
t2904,2727,3,1
t2905,2728,3,1
t2906,2729,3,1
t2908,2730,3,1
t2909,2731,3,2
t2910,2732,3,2
t2913,2733,3,2
t2916,2734,3,2
t2917,2735,3,2
t2920,2736,3,2
t2922,2737,3,2
t2923,2738,3,2
t2928,2739,3,2
t2929,2740,3,2
t2931,2741,3,2
t2932,2742,3,2
t2933,2743,3,2
t2934,2744,3,2
t2936,2745,3,2
t2938,2746,3,3
t2963,2747,3,3
t2964,2748,2,1
t3042,2749,2,1
t3043,2750,2,1
t3044,2751,2,1
t3116,2752,2,1
t3126,2753,2,1
t3138,2754,2,1
t3210,2755,2,1
t3763,2756,2,1
t3840,2757,2,1
t3876,2758,2,1
t3889,2759,2,1
t3890,2760,2,1
t3896,2761,2,1
t3921,2762,2,1
t3946,2763,2,1
t4097,2764,2,1
t4098,2765,2,1
t4164,2766,2,1
t4181,2767,2,1
t4216,2768,2,1
t4390,2769,2,1
t4598,2770,2,1
t4607,2771,2,1
t4621,2772,2,1
t4642,2773,2,1
t4643,2774,2,1
t4713,2775,2,1
t4761,2776,2,1
t4763,2777,2,1
t4776,2778,2,1
t4801,2779,2,1
t4806,2780,2,1
t4851,2781,2,1
t4855,2782,2,1
t4950,2783,2,1
t5054,2784,2,1
t5056,2785,2,1
t5063,2786,2,1
t5065,2787,2,1
t5073,2788,2,1
t5075,2789,2,1
t5112,2790,2,1
t5141,2791,2,1
t5151,2792,2,1
t5173,2793,2,1
t5240,2794,2,1
t5415,2795,2,1
t5472,2796,2,1
t5476,2797,2,1
t5477,2798,2,1
t5482,2799,2,1
t5582,2800,2,1
t5744,2801,2,1
t5794,2802,2,1
t5970,2803,2,1
t6100,2804,2,1
t6463,2805,2,1
t6821,2806,2,1
t6825,2807,2,1
t6861,2808,2,1
t6862,2809,2,1
t6886,2810,2,1
t6891,2811,2,1
t6993,2812,2,1
t7014,2813,2,1
t7019,2814,2,1
t8141,2815,2,1
t8621,2816,2,1
t8623,2817,2,1
t9584,2818,2,1
t9585,2819,2,1
t9884,2820,2,1
t9905,2821,2,1
t9906,2822,2,1
t10054,2823,2,1
t10055,2824,2,1
t10056,2825,2,1
t10057,2826,2,1
t10058,2827,2,1
t10059,2828,2,1
t10060,2829,2,1
t10432,2830,2,1
t10483,2831,2,1
t10486,2832,2,1
t10495,2833,2,1
t10498,2834,2,1
t10499,2835,2,1
t10526,2836,2,1
t10545,2837,2,1
t10564,2838,2,1
t10570,2839,2,1
t10598,2840,2,1
t10600,2841,2,1
t10615,2842,2,1
t10628,2843,2,1
t10647,2844,2,1
t10712,2845,2,1
t10715,2846,2,1
t10716,2847,2,1
t10731,2848,2,1
t10734,2849,2,1
t10747,2850,2,1
t10788,2851,2,1
t10793,2852,2,1
t10879,2853,2,1
t10881,2854,2,1
t11049,2855,2,1
t11052,2856,2,1
t11054,2857,2,1
t11060,2858,2,1
t11083,2859,2,1
t11213,2860,2,1
t11419,2861,2,1
t11469,2862,2,1
t11472,2863,2,1
t11480,2864,2,1
t11578,2865,2,1
t11608,2866,2,1
t11614,2867,2,1
t11626,2868,2,1
t11629,2869,2,1
t11649,2870,2,1
t11751,2871,2,1
t11777,2872,2,1
t11797,2873,2,1
t11890,2874,2,1
t11893,2875,2,1
t12347,2876,2,1
t12348,2877,2,1
t774,2878,2,1
t731,2879,2,1
t773,2880,2,1
t1420,2881,2,1
t131,2882,2,1
t796,2883,2,1
t905,2884,2,1
t4101,2885,2,1
t4215,2886,2,1
t9431,2887,2,1
t150,2888,2,1
t693,2889,2,1
t763,2890,2,1
t1756,2891,2,1
t1850,2892,2,1
t2475,2893,2,1
t2489,2894,2,1
t3141,2895,2,1
t3145,2896,2,1
t3152,2897,2,1
t3173,2898,2,1
t5298,2899,2,1
t5310,2900,2,1
t5529,2901,2,1
t5541,2902,2,1
t5586,2903,2,1
t12307,2904,2,1
t25,2905,2,1
t32,2906,2,1
t40,2907,2,1
t213,2908,2,1
t214,2909,2,1
t256,2910,2,1
t257,2911,2,1
t258,2912,2,1
t259,2913,2,1
t260,2914,2,1
t261,2915,2,1
t262,2916,2,1
t263,2917,2,1
t266,2918,2,1
t270,2919,2,1
t272,2920,2,1
t277,2921,2,1
t279,2922,2,1
t280,2923,2,1
t284,2924,2,1
t292,2925,2,1
t530,2926,2,1
t816,2927,2,1
t818,2928,2,1
t822,2929,2,1
t824,2930,2,1
t847,2931,2,1
t1563,2932,2,1
t1634,2933,2,1
t1654,2934,2,1
t1753,2935,2,1
t1873,2936,2,1
t1887,2937,2,1
t1895,2938,2,1
t1897,2939,2,1
t2958,2940,2,1
t2961,2941,2,1
t3010,2942,2,1
t3012,2943,2,1
t3017,2944,2,1
t3021,2945,2,1
t3076,2946,2,1
t3078,2947,2,1
t3079,2948,2,1
t3080,2949,2,1
t3081,2950,2,1
t3082,2951,2,1
t3083,2952,2,1
t3084,2953,2,1
t3122,2954,2,1
t3123,2955,2,1
t3124,2956,2,1
t3125,2957,2,1
t3127,2958,2,1
t3128,2959,2,1
t3129,2960,2,1
t3130,2961,2,1
t3131,2962,2,1
t3132,2963,2,1
t3133,2964,2,1
t3134,2965,2,1
t3135,2966,2,1
t3136,2967,2,1
t3137,2968,2,1
t3139,2969,2,1
t3140,2970,2,1
t3755,2971,2,1
t3814,2972,2,1
t3849,2973,2,1
t3885,2974,2,1
t3895,2975,2,1
t3947,2976,2,1
t3957,2977,2,1
t4030,2978,2,1
t4107,2979,2,1
t4183,2980,2,1
t4237,2981,2,1
t4240,2982,2,1
t4257,2983,2,1
t4258,2984,2,1
t4259,2985,2,1
t4296,2986,2,1
t4378,2987,2,1
t4383,2988,2,1
t4710,2989,2,1
t4715,2990,2,1
t4717,2991,2,1
t4723,2992,2,1
t4734,2993,2,1
t4740,2994,2,1
t4759,2995,2,1
t4768,2996,2,1
t4774,2997,2,1
t4797,2998,2,1
t4815,2999,2,1
t4821,3000,2,1
t4824,3001,2,1
t5067,3002,2,1
t5072,3003,2,1
t5178,3004,2,1
t5180,3005,2,1
t5186,3006,2,1
t5200,3007,2,1
t5221,3008,2,1
t5243,3009,2,1
t5245,3010,2,1
t5257,3011,2,1
t5297,3012,2,1
t5481,3013,2,1
t5568,3014,2,1
t5739,3015,2,1
t5790,3016,2,1
t5815,3017,2,1
t5826,3018,2,1
t5938,3019,2,1
t5966,3020,2,1
t5972,3021,2,1
t6008,3022,2,1
t6017,3023,2,1
t6040,3024,2,1
t6043,3025,2,1
t6047,3026,2,1
t6049,3027,2,1
t6115,3028,2,1
t6225,3029,2,1
t6287,3030,2,1
t6288,3031,2,1
t6444,3032,2,1
t6458,3033,2,1
t6459,3034,2,1
t6460,3035,2,1
t6469,3036,2,1
t6817,3037,2,1
t6828,3038,2,1
t6868,3039,2,1
t6870,3040,2,1
t6871,3041,2,1
t7364,3042,2,1
t7365,3043,2,1
t7390,3044,2,1
t7395,3045,2,1
t7453,3046,2,1
t7454,3047,2,1
t7710,3048,2,1
t7714,3049,2,1
t7715,3050,2,1
t7716,3051,2,1
t7719,3052,2,1
t7721,3053,2,1
t7725,3054,2,1
t7750,3055,2,1
t7752,3056,2,1
t7763,3057,2,1
t7767,3058,2,1
t7768,3059,2,1
t7771,3060,2,1
t7774,3061,2,1
t7851,3062,2,1
t7852,3063,2,1
t7853,3064,2,1
t7854,3065,2,1
t7855,3066,2,1
t7856,3067,2,1
t7857,3068,2,1
t7862,3069,2,1
t7863,3070,2,1
t7865,3071,2,1
t7866,3072,2,1
t7870,3073,2,1
t7953,3074,2,1
t7957,3075,2,1
t8127,3076,2,1
t8192,3077,2,1
t8194,3078,2,1
t8195,3079,2,1
t8198,3080,2,1
t8216,3081,2,1
t8217,3082,2,1
t8218,3083,2,1
t8219,3084,2,1
t8220,3085,2,1
t8222,3086,2,1
t8223,3087,2,1
t8371,3088,2,1
t8373,3089,2,1
t8375,3090,2,1
t8378,3091,2,1
t8381,3092,2,1
t8530,3093,2,1
t8542,3094,2,1
t8643,3095,2,1
t8648,3096,2,1
t8649,3097,2,1
t8652,3098,2,1
t8653,3099,2,1
t9600,3100,2,1
t9602,3101,2,1
t9607,3102,2,1
t9888,3103,2,1
t9902,3104,2,1
t9920,3105,2,1
t9921,3106,2,1
t9944,3107,2,1
t9945,3108,2,1
t10004,3109,2,1
t10009,3110,2,1
t10010,3111,2,1
t10048,3112,2,1
t10051,3113,2,1
t10052,3114,2,1
t10053,3115,2,1
t10428,3116,2,1
t10429,3117,2,1
t10430,3118,2,1
t10434,3119,2,1
t10435,3120,2,1
t10436,3121,2,1
t10437,3122,2,1
t10439,3123,2,1
t10442,3124,2,1
t10479,3125,2,1
t10481,3126,2,1
t10484,3127,2,1
t10485,3128,2,1
t10487,3129,2,1
t10489,3130,2,1
t10490,3131,2,1
t10491,3132,2,1
t10492,3133,2,1
t10494,3134,2,1
t10496,3135,2,1
t10562,3136,2,1
t10583,3137,2,1
t10591,3138,2,1
t10599,3139,2,1
t10605,3140,2,1
t10608,3141,2,1
t10612,3142,2,1
t10614,3143,2,1
t10616,3144,2,1
t10618,3145,2,1
t10620,3146,2,1
t10625,3147,2,1
t10626,3148,2,1
t10631,3149,2,1
t10640,3150,2,1
t10642,3151,2,1
t10643,3152,2,1
t10645,3153,2,1
t10646,3154,2,1
t10648,3155,2,1
t10815,3156,2,1
t10877,3157,2,1
t10883,3158,2,1
t10886,3159,2,1
t10947,3160,2,1
t10968,3161,2,1
t11021,3162,2,1
t11046,3163,2,1
t11047,3164,2,1
t11059,3165,2,1
t11490,3166,2,1
t11491,3167,2,1
t11492,3168,2,1
t11493,3169,2,1
t11494,3170,2,1
t11500,3171,2,1
t11501,3172,2,1
t11502,3173,2,1
t11503,3174,2,1
t11506,3175,2,1
t11507,3176,2,1
t11509,3177,2,1
t11513,3178,2,1
t11582,3179,2,1
t11583,3180,2,1
t11584,3181,2,1
t11585,3182,2,1
t11586,3183,2,1
t11587,3184,2,1
t11589,3185,2,1
t11590,3186,2,1
t11591,3187,2,1
t11594,3188,2,1
t11595,3189,2,1
t11598,3190,2,1
t11602,3191,2,1
t11606,3192,2,1
t11609,3193,2,1
t11611,3194,2,1
t11613,3195,2,1
t11621,3196,2,1
t11622,3197,2,1
t11684,3198,2,1
t11685,3199,2,1
t11686,3200,2,1
t11687,3201,2,1
t11688,3202,2,1
t11689,3203,2,1
t11690,3204,2,1
t11691,3205,2,1
t11692,3206,2,1
t11693,3207,2,1
t11694,3208,2,1
t11695,3209,2,1
t11696,3210,2,1
t11697,3211,2,1
t11698,3212,2,1
t11699,3213,2,1
t11714,3214,2,1
t11725,3215,2,1
t11726,3216,2,1
t11727,3217,2,1
t11728,3218,2,1
t11729,3219,2,1
t11730,3220,2,1
t11731,3221,2,1
t11732,3222,2,1
t11733,3223,2,1
t11734,3224,2,1
t11735,3225,2,1
t11736,3226,2,1
t11737,3227,2,1
t11738,3228,2,1
t11739,3229,2,1
t11740,3230,2,1
t11748,3231,2,1
t11753,3232,2,1
t11755,3233,2,1
t11767,3234,2,1
t11771,3235,2,1
t11781,3236,2,1
t11788,3237,2,1
t11789,3238,2,1
t11932,3239,2,1
t11935,3240,2,1
t11936,3241,2,1
t11938,3242,2,1
t11941,3243,2,1
t11942,3244,2,1
t11943,3245,2,1
t11944,3246,2,1
t11947,3247,2,1
t11949,3248,2,1
t11954,3249,2,1
t11957,3250,2,1
t11962,3251,2,1
t11965,3252,2,1
t11966,3253,2,1
t12063,3254,2,1
t12065,3255,2,1
t12068,3256,2,1
t12069,3257,2,1
t12071,3258,2,1
t12072,3259,2,1
t12074,3260,2,1
t12075,3261,2,1
t12086,3262,2,1
t12118,3263,2,1
t12119,3264,2,1
t12120,3265,2,1
t12121,3266,2,1
t12153,3267,2,1
t12154,3268,2,1
t12155,3269,2,1
t12156,3270,2,1
t12158,3271,2,1
t12159,3272,2,1
t12160,3273,2,1
t12161,3274,2,1
t12162,3275,2,1
t12163,3276,2,1
t12165,3277,2,1
t12167,3278,2,1
t12168,3279,2,1
t12169,3280,2,1
t12171,3281,2,1
t12174,3282,2,1
t12177,3283,2,1
t12178,3284,2,1
t12179,3285,2,1
t12180,3286,2,1
t12181,3287,2,1
t12381,3288,2,1
t12382,3289,2,1
t12383,3290,2,1
t12404,3291,2,1
t12405,3292,2,1
t12406,3293,2,1
t12438,3294,2,1
t1443,3295,2,1
t1515,3296,2,1
t49,3297,2,1
t120,3298,2,1
t121,3299,2,1
t124,3300,2,1
t736,3301,2,1
t1439,3302,2,1
t1442,3303,2,1
t1509,3304,2,1
t1517,3305,2,1
t1521,3306,2,1
t3714,3307,2,1
t5542,3308,2,1
t5645,3309,2,1
t6611,3310,2,1
t52,3311,2,1
t713,3312,2,1
t1293,3313,2,1
t1441,3314,2,1
t1447,3315,2,1
t1451,3316,2,1
t1491,3317,2,1
t1528,3318,2,1
t1684,3319,2,1
t1903,3320,2,1
t1938,3321,2,1
t3027,3322,2,1
t3216,3323,2,1
t3227,3324,2,1
t3235,3325,2,1
t3244,3326,2,1
t3258,3327,2,1
t3273,3328,2,1
t3282,3329,2,1
t3290,3330,2,1
t3407,3331,2,1
t3436,3332,2,1
t3555,3333,2,1
t3746,3334,2,1
t3886,3335,2,1
t4468,3336,2,1
t4591,3337,2,1
t4669,3338,2,1
t5134,3339,2,1
t5217,3340,2,1
t5301,3341,2,1
t6586,3342,2,1
t7381,3343,2,1
t7850,3344,2,1
t8187,3345,2,1
t9838,3346,2,1
t10276,3347,2,1
t11804,3348,2,1
t11921,3349,2,1
t160,3350,2,1
t161,3351,2,1
t162,3352,2,1
t164,3353,2,1
t165,3354,2,1
t166,3355,2,1
t167,3356,2,1
t168,3357,2,1
t169,3358,2,1
t171,3359,2,1
t172,3360,2,1
t173,3361,2,1
t174,3362,2,1
t176,3363,2,1
t177,3364,2,1
t178,3365,2,1
t180,3366,2,1
t181,3367,2,1
t182,3368,2,1
t183,3369,2,1
t184,3370,2,1
t187,3371,2,1
t188,3372,2,1
t189,3373,2,1
t190,3374,2,1
t191,3375,2,1
t192,3376,2,1
t193,3377,2,1
t197,3378,2,1
t198,3379,2,1
t199,3380,2,1
t200,3381,2,1
t201,3382,2,1
t202,3383,2,1
t203,3384,2,1
t204,3385,2,1
t205,3386,2,1
t206,3387,2,1
t207,3388,2,1
t215,3389,2,1
t219,3390,2,1
t223,3391,2,1
t229,3392,2,1
t234,3393,2,1
t235,3394,2,1
t240,3395,2,1
t242,3396,2,1
t243,3397,2,1
t247,3398,2,1
t248,3399,2,1
t249,3400,2,1
t251,3401,2,1
t253,3402,2,1
t254,3403,2,1
t422,3404,2,1
t423,3405,2,1
t424,3406,2,1
t425,3407,2,1
t426,3408,2,1
t427,3409,2,1
t428,3410,2,1
t429,3411,2,1
t430,3412,2,1
t431,3413,2,1
t432,3414,2,1
t433,3415,2,1
t435,3416,2,1
t436,3417,2,1
t437,3418,2,1
t438,3419,2,1
t439,3420,2,1
t440,3421,2,1
t441,3422,2,1
t442,3423,2,1
t443,3424,2,1
t444,3425,2,1
t445,3426,2,1
t446,3427,2,1
t447,3428,2,1
t448,3429,2,1
t449,3430,2,1
t450,3431,2,1
t514,3432,2,1
t515,3433,2,1
t518,3434,2,1
t520,3435,2,1
t522,3436,2,1
t524,3437,2,1
t525,3438,2,1
t526,3439,2,1
t527,3440,2,1
t531,3441,2,1
t534,3442,2,1
t535,3443,2,1
t536,3444,2,1
t537,3445,2,1
t539,3446,2,1
t540,3447,2,1
t541,3448,2,1
t542,3449,2,1
t544,3450,2,1
t545,3451,2,1
t546,3452,2,1
t547,3453,2,1
t560,3454,2,1
t746,3455,2,1
t834,3456,2,1
t836,3457,2,1
t841,3458,2,1
t851,3459,2,1
t1588,3460,2,1
t1593,3461,2,1
t1789,3462,2,1
t1792,3463,2,1
t1855,3464,2,1
t1857,3465,2,1
t1905,3466,2,1
t2465,3467,2,1
t2524,3468,2,1
t2536,3469,2,1
t2537,3470,2,1
t2540,3471,2,1
t2942,3472,2,1
t2945,3473,2,1
t2946,3474,2,1
t2947,3475,2,1
t2948,3476,2,1
t2949,3477,2,1
t3035,3478,2,1
t3040,3479,2,1
t3047,3480,2,1
t3048,3481,2,1
t3049,3482,2,1
t3050,3483,2,1
t3063,3484,2,1
t3064,3485,2,1
t3142,3486,2,1
t3143,3487,2,1
t3147,3488,2,1
t3148,3489,2,1
t3149,3490,2,1
t3150,3491,2,1
t3151,3492,2,1
t3209,3493,2,1
t3727,3494,2,1
t3749,3495,2,1
t3761,3496,2,1
t3762,3497,2,1
t3767,3498,2,1
t3842,3499,2,1
t3859,3500,2,1
t3867,3501,2,1
t3877,3502,2,1
t3879,3503,2,1
t3880,3504,2,1
t3905,3505,2,1
t3943,3506,2,1
t3967,3507,2,1
t4001,3508,2,1
t4002,3509,2,1
t4011,3510,2,1
t4013,3511,2,1
t4075,3512,2,1
t4125,3513,2,1
t4137,3514,2,1
t4165,3515,2,1
t4327,3516,2,1
t4328,3517,2,1
t4344,3518,2,1
t4346,3519,2,1
t4384,3520,2,1
t4389,3521,2,1
t4401,3522,2,1
t4464,3523,2,1
t4610,3524,2,1
t4611,3525,2,1
t4618,3526,2,1
t4624,3527,2,1
t4641,3528,2,1
t4651,3529,2,1
t4654,3530,2,1
t4725,3531,2,1
t4765,3532,2,1
t4777,3533,2,1
t4796,3534,2,1
t4818,3535,2,1
t4822,3536,2,1
t4826,3537,2,1
t4840,3538,2,1
t4860,3539,2,1
t4864,3540,2,1
t5035,3541,2,1
t5051,3542,2,1
t5052,3543,2,1
t5055,3544,2,1
t5117,3545,2,1
t5202,3546,2,1
t5207,3547,2,1
t5236,3548,2,1
t5319,3549,2,1
t5323,3550,2,1
t5327,3551,2,1
t5417,3552,2,1
t5419,3553,2,1
t5420,3554,2,1
t5458,3555,2,1
t5474,3556,2,1
t5512,3557,2,1
t5539,3558,2,1
t5572,3559,2,1
t5625,3560,2,1
t5745,3561,2,1
t5759,3562,2,1
t5780,3563,2,1
t5796,3564,2,1
t5797,3565,2,1
t5861,3566,2,1
t6021,3567,2,1
t6080,3568,2,1
t6496,3569,2,1
t6797,3570,2,1
t6800,3571,2,1
t6804,3572,2,1
t6834,3573,2,1
t6840,3574,2,1
t6846,3575,2,1
t6883,3576,2,1
t7001,3577,2,1
t7888,3578,2,1
t7890,3579,2,1
t8013,3580,2,1
t8027,3581,2,1
t8061,3582,2,1
t8065,3583,2,1
t8094,3584,2,1
t8095,3585,2,1
t8096,3586,2,1
t8097,3587,2,1
t8164,3588,2,1
t8174,3589,2,1
t8176,3590,2,1
t8304,3591,2,1
t8308,3592,2,2
t8310,3593,2,2
t8319,3594,2,2
t8324,3595,2,2
t8326,3596,2,2
t8327,3597,2,2
t8328,3598,2,2
t8329,3599,2,2
t8330,3600,2,2
t8331,3601,2,2
t8377,3602,2,2
t8417,3603,2,2
t8490,3604,2,2
t8494,3605,2,2
t8495,3606,2,2
t8496,3607,2,2
t8497,3608,1,1
t8590,3609,1,1
t8592,3610,1,1
t8867,3611,1,1
t8868,3612,1,1
t8870,3613,1,1
t8997,3614,1,1
t8998,3615,1,1
t9589,3616,1,1
t9590,3617,1,1
t9592,3618,1,1
t9593,3619,1,1
t9594,3620,1,1
t9595,3621,1,1
t9596,3622,1,1
t9849,3623,1,1
t9939,3624,1,1
t9946,3625,1,1
t9947,3626,1,1
t9948,3627,1,1
t9949,3628,1,1
t10061,3629,1,1
t10062,3630,1,1
t10071,3631,1,1
t10470,3632,1,1
t10475,3633,1,1
t10477,3634,1,1
t10482,3635,1,1
t10488,3636,1,1
t10497,3637,1,1
t10501,3638,1,1
t10502,3639,1,1
t10513,3640,1,1
t10522,3641,1,1
t10531,3642,1,1
t10558,3643,1,1
t10568,3644,1,1
t10575,3645,1,1
t10577,3646,1,1
t10587,3647,1,1
t10589,3648,1,1
t10595,3649,1,1
t10596,3650,1,1
t10601,3651,1,1
t10606,3652,1,1
t10607,3653,1,1
t10629,3654,1,1
t10632,3655,1,1
t10634,3656,1,1
t10644,3657,1,1
t10723,3658,1,1
t10725,3659,1,1
t10735,3660,1,1
t10739,3661,1,1
t10745,3662,1,1
t10794,3663,1,1
t10798,3664,1,1
t10846,3665,1,1
t10847,3666,1,1
t10868,3667,1,1
t10885,3668,1,1
t10888,3669,1,1
t10889,3670,1,1
t10922,3671,1,1
t10923,3672,1,1
t10924,3673,1,1
t10950,3674,1,1
t11020,3675,1,1
t11045,3676,1,1
t11048,3677,1,1
t11050,3678,1,1
t11057,3679,1,1
t11153,3680,1,1
t11154,3681,1,1
t11221,3682,1,1
t11222,3683,1,1
t11223,3684,1,1
t11231,3685,1,1
t11232,3686,1,1
t11233,3687,1,1
t11408,3688,1,1
t11485,3689,1,1
t11486,3690,1,1
t11487,3691,1,1
t11488,3692,1,1
t11579,3693,1,1
t11631,3694,1,1
t11634,3695,1,1
t11724,3696,1,1
t11934,3697,1,1
t12061,3698,1,1
t12062,3699,1,1
t12330,3700,1,1
t12469,3701,1,1
t12470,3702,1,1
t12471,3703,1,1
t12472,3704,1,1
t12483,3705,1,1
t12484,3706,1,1
t12485,3707,1,1
t12499,3708,1,1
t12500,3709,1,1
t12501,3710,1,1
t12516,3711,1,1
t12517,3712,1,1
t770,3713,1,1
t1446,3714,1,1
t1503,3715,1,1
t1516,3716,1,1
t2288,3717,1,1
t3421,3718,1,1
t3465,3719,1,1
t5303,3720,1,1
t9,3721,1,1
t42,3722,1,1
t126,3723,1,1
t701,3724,1,1
t1313,3725,1,1
t1385,3726,1,1
t1475,3727,1,1
t1494,3728,1,1
t1499,3729,1,1
t1506,3730,1,1
t1564,3731,1,1
t1823,3732,1,1
t2601,3733,1,1
t2637,3734,1,1
t2660,3735,1,1
t2662,3736,1,1
t2663,3737,1,1
t2688,3738,1,1
t2701,3739,1,1
t3418,3740,1,1
t4742,3741,1,1
t5255,3742,1,1
t5291,3743,1,1
t7423,3744,1,1
t9372,3745,1,1
t10347,3746,1,1
t10414,3747,1,1
t10420,3748,1,1
t11093,3749,1,1
t11160,3750,1,1
t11243,3751,1,1
t19,3752,1,1
t35,3753,1,1
t47,3754,1,1
t227,3755,1,1
t231,3756,1,1
t238,3757,1,1
t244,3758,1,1
t246,3759,1,1
t271,3760,1,1
t274,3761,1,1
t287,3762,1,1
t288,3763,1,1
t401,3764,1,1
t402,3765,1,1
t403,3766,1,1
t404,3767,1,1
t405,3768,1,1
t406,3769,1,1
t407,3770,1,1
t408,3771,1,1
t409,3772,1,1
t410,3773,1,1
t506,3774,1,1
t507,3775,1,1
t508,3776,1,1
t509,3777,1,1
t510,3778,1,1
t511,3779,1,1
t512,3780,1,1
t513,3781,1,1
t528,3782,1,1
t529,3783,1,1
t533,3784,1,1
t538,3785,1,1
t548,3786,1,1
t557,3787,1,1
t558,3788,1,1
t559,3789,1,1
t561,3790,1,1
t562,3791,1,1
t563,3792,1,1
t721,3793,1,1
t745,3794,1,1
t832,3795,1,1
t835,3796,1,1
t850,3797,1,1
t1527,3798,1,1
t1569,3799,1,1
t1592,3800,1,1
t1637,3801,1,1
t1640,3802,1,1
t1643,3803,1,1
t1648,3804,1,1
t1849,3805,1,1
t1859,3806,1,1
t1868,3807,1,1
t1880,3808,1,1
t1898,3809,1,1
t1904,3810,1,1
t1913,3811,1,1
t1917,3812,1,1
t1921,3813,1,1
t1945,3814,1,1
t1947,3815,1,1
t1948,3816,1,1
t2330,3817,1,1
t2336,3818,1,1
t2339,3819,1,1
t2400,3820,1,1
t2522,3821,1,1
t2817,3822,1,1
t2957,3823,1,1
t2959,3824,1,1
t2960,3825,1,1
t2965,3826,1,1
t2966,3827,1,1
t2967,3828,1,1
t3011,3829,1,1
t3013,3830,1,1
t3015,3831,1,1
t3016,3832,1,1
t3018,3833,1,1
t3019,3834,1,1
t3020,3835,1,1
t3069,3836,1,1
t3087,3837,1,1
t3088,3838,1,1
t3089,3839,1,1
t3090,3840,1,1
t3091,3841,1,1
t3092,3842,1,1
t3093,3843,1,1
t3094,3844,1,1
t3095,3845,1,1
t3096,3846,1,1
t3097,3847,1,1
t3098,3848,1,1
t3099,3849,1,1
t3100,3850,1,1
t3101,3851,1,1
t3102,3852,1,1
t3103,3853,1,1
t3104,3854,1,1
t3105,3855,1,1
t3107,3856,1,1
t3108,3857,1,1
t3110,3858,1,1
t3111,3859,1,1
t3112,3860,1,1
t3113,3861,1,1
t3114,3862,1,1
t3115,3863,1,1
t3117,3864,1,1
t3744,3865,1,1
t3745,3866,1,1
t3757,3867,1,1
t3768,3868,1,1
t3787,3869,1,1
t3791,3870,1,1
t3810,3871,1,1
t3811,3872,1,1
t3812,3873,1,1
t3820,3874,1,1
t3824,3875,1,1
t3832,3876,1,1
t3833,3877,1,1
t3837,3878,1,1
t3839,3879,1,1
t3844,3880,1,1
t3850,3881,1,1
t3853,3882,1,1
t3854,3883,1,1
t3856,3884,1,1
t3897,3885,1,1
t3910,3886,1,1
t3913,3887,1,1
t3929,3888,1,1
t3932,3889,1,1
t3952,3890,1,1
t3953,3891,1,1
t3965,3892,1,1
t3968,3893,1,1
t3970,3894,1,1
t3978,3895,1,1
t4006,3896,1,1
t4019,3897,1,1
t4080,3898,1,1
t4082,3899,1,1
t4119,3900,1,1
t4135,3901,1,1
t4138,3902,1,1
t4140,3903,1,1
t4141,3904,1,1
t4142,3905,1,1
t4144,3906,1,1
t4149,3907,1,1
t4150,3908,1,1
t4151,3909,1,1
t4184,3910,1,1
t4186,3911,1,1
t4187,3912,1,1
t4189,3913,1,1
t4190,3914,1,1
t4222,3915,1,1
t4232,3916,1,1
t4236,3917,1,1
t4347,3918,1,1
t4348,3919,1,1
t4349,3920,1,1
t4350,3921,1,1
t4400,3922,1,1
t4426,3923,1,1
t4526,3924,1,1
t4527,3925,1,1
t4528,3926,1,1
t4529,3927,1,1
t4623,3928,1,1
t4625,3929,1,1
t4627,3930,1,1
t4629,3931,1,1
t4644,3932,1,1
t4679,3933,1,1
t4718,3934,1,1
t4728,3935,1,1
t4747,3936,1,1
t4749,3937,1,1
t4758,3938,1,1
t4771,3939,1,1
t4778,3940,1,1
t4780,3941,1,1
t4781,3942,1,1
t4800,3943,1,1
t4813,3944,1,1
t4816,3945,1,1
t4825,3946,1,1
t4830,3947,1,1
t4833,3948,1,1
t4846,3949,1,1
t4856,3950,1,1
t4868,3951,1,1
t4890,3952,1,1
t4895,3953,1,1
t4908,3954,1,1
t4920,3955,1,1
t4930,3956,1,1
t4933,3957,1,1
t5059,3958,1,1
t5069,3959,1,1
t5070,3960,1,1
t5079,3961,1,1
t5168,3962,1,1
t5169,3963,1,1
t5187,3964,1,1
t5192,3965,1,1
t5203,3966,1,1
t5234,3967,1,1
t5254,3968,1,1
t5265,3969,1,1
t5407,3970,1,1
t5425,3971,1,1
t5457,3972,1,1
t5464,3973,1,1
t5465,3974,1,1
t5466,3975,1,1
t5475,3976,1,1
t5497,3977,1,1
t5518,3978,1,1
t5523,3979,1,1
t5536,3980,1,1
t5540,3981,1,1
t5566,3982,1,1
t5580,3983,1,1
t5581,3984,1,1
t5583,3985,1,1
t5592,3986,1,1
t5628,3987,1,1
t5633,3988,1,1
t5750,3989,1,1
t5781,3990,1,1
t5782,3991,1,1
t5801,3992,1,1
t5804,3993,1,1
t5806,3994,1,1
t5811,3995,1,1
t5813,3996,1,1
t5821,3997,1,1
t5835,3998,1,1
t5844,3999,1,1
t5845,4000,1,1
t5849,4001,1,1
t5850,4002,1,1
t5853,4003,1,1
t5869,4004,1,1
t5873,4005,1,1
t5874,4006,1,1
t5878,4007,1,1
t5882,4008,1,1
t5885,4009,1,1
t5886,4010,1,1
t5890,4011,1,1
t5893,4012,1,1
t5894,4013,1,1
t5900,4014,1,1
t5902,4015,1,1
t5905,4016,1,1
t5907,4017,1,1
t5908,4018,1,1
t5909,4019,1,1
t5912,4020,1,1
t5915,4021,1,1
t5940,4022,1,1
t5943,4023,1,1
t5944,4024,1,1
t5960,4025,1,1
t5961,4026,1,1
t5964,4027,1,1
t5965,4028,1,1
t5976,4029,1,1
t5977,4030,1,1
t5979,4031,1,1
t5986,4032,1,1
t5992,4033,1,1
t5993,4034,1,1
t5994,4035,1,1
t6000,4036,1,1
t6003,4037,1,1
t6010,4038,1,1
t6014,4039,1,1
t6022,4040,1,1
t6026,4041,1,1
t6028,4042,1,1
t6030,4043,1,1
t6051,4044,1,1
t6053,4045,1,1
t6054,4046,1,1
t6057,4047,1,1
t6077,4048,1,1
t6078,4049,1,1
t6087,4050,1,1
t6090,4051,1,1
t6097,4052,1,1
t6109,4053,1,1
t6117,4054,1,1
t6118,4055,1,1
t6120,4056,1,1
t6121,4057,1,1
t6125,4058,1,1
t6131,4059,1,1
t6132,4060,1,1
t6133,4061,1,1
t6135,4062,1,1
t6138,4063,1,1
t6148,4064,1,1
t6165,4065,1,1
t6172,4066,1,1
t6173,4067,1,1
t6177,4068,1,1
t6178,4069,1,1
t6186,4070,1,1
t6188,4071,1,1
t6189,4072,1,1
t6200,4073,1,1
t6202,4074,1,1
t6203,4075,1,1
t6204,4076,1,1
t6210,4077,1,1
t6212,4078,1,1
t6213,4079,1,1
t6215,4080,1,1
t6220,4081,1,1
t6222,4082,1,1
t6224,4083,1,1
t6228,4084,1,1
t6229,4085,1,1
t6232,4086,1,1
t6233,4087,1,1
t6237,4088,1,1
t6239,4089,1,1
t6247,4090,1,1
t6249,4091,1,1
t6257,4092,1,1
t6264,4093,1,1
t6265,4094,1,1
t6268,4095,1,1
t6269,4096,1,1
t6270,4097,1,1
t6271,4098,1,1
t6275,4099,1,1
t6276,4100,1,1
t6283,4101,1,1
t6290,4102,1,1
t6300,4103,1,1
t6304,4104,1,1
t6306,4105,1,1
t6309,4106,1,1
t6312,4107,1,1
t6316,4108,1,1
t6320,4109,1,1
t6321,4110,1,1
t6324,4111,1,1
t6327,4112,1,1
t6329,4113,1,1
t6330,4114,1,1
t6334,4115,1,1
t6339,4116,1,1
t6341,4117,1,1
t6353,4118,1,1
t6355,4119,1,1
t6357,4120,1,1
t6360,4121,1,1
t6362,4122,1,1
t6363,4123,1,1
t6367,4124,1,1
t6376,4125,1,1
t6377,4126,1,1
t6378,4127,1,1
t6379,4128,1,1
t6380,4129,1,1
t6383,4130,1,1
t6384,4131,1,1
t6386,4132,1,1
t6387,4133,1,1
t6393,4134,1,1
t6397,4135,1,1
t6399,4136,1,1
t6404,4137,1,1
t6409,4138,1,1
t6413,4139,1,1
t6415,4140,1,1
t6418,4141,1,1
t6419,4142,1,1
t6426,4143,1,1
t6429,4144,1,1
t6431,4145,1,1
t6435,4146,1,1
t6447,4147,1,1
t6451,4148,1,1
t6454,4149,1,1
t6457,4150,1,1
t6461,4151,1,1
t6462,4152,1,1
t6464,4153,1,1
t6467,4154,1,1
t6472,4155,1,1
t6475,4156,1,1
t6478,4157,1,1
t6483,4158,1,1
t6490,4159,1,1
t6493,4160,1,1
t6497,4161,1,1
t6503,4162,1,1
t6506,4163,1,1
t6507,4164,1,1
t6509,4165,1,1
t6512,4166,1,1
t6514,4167,1,1
t6521,4168,1,1
t6527,4169,1,1
t6528,4170,1,1
t6529,4171,1,1
t6530,4172,1,1
t6536,4173,1,1
t6537,4174,1,1
t6551,4175,1,1
t6552,4176,1,1
t6558,4177,1,1
t6563,4178,1,1
t6566,4179,1,1
t6567,4180,1,1
t6570,4181,1,1
t6571,4182,1,1
t6573,4183,1,1
t6575,4184,1,1
t6580,4185,1,1
t6597,4186,1,1
t6598,4187,1,1
t6600,4188,1,1
t6604,4189,1,1
t6607,4190,1,1
t6615,4191,1,1
t6619,4192,1,1
t6621,4193,1,1
t6623,4194,1,1
t6625,4195,1,1
t6631,4196,1,1
t6653,4197,1,1
t6657,4198,1,1
t6662,4199,1,1
t6666,4200,1,1
t6668,4201,1,1
t6669,4202,1,1
t6671,4203,1,1
t6672,4204,1,1
t6675,4205,1,1
t6676,4206,1,1
t6679,4207,1,1
t6680,4208,1,1
t6684,4209,1,1
t6685,4210,1,1
t6687,4211,1,1
t6689,4212,1,1
t6691,4213,1,1
t6692,4214,1,1
t6699,4215,1,1
t6701,4216,1,1
t6702,4217,1,1
t6703,4218,1,1
t6708,4219,1,1
t6710,4220,1,1
t6712,4221,1,1
t6719,4222,1,1
t6722,4223,1,1
t6725,4224,1,1
t6726,4225,1,1
t6731,4226,1,1
t6735,4227,1,1
t6737,4228,1,1
t6739,4229,1,1
t6742,4230,1,1
t6750,4231,1,1
t6751,4232,1,1
t6758,4233,1,1
t6759,4234,1,1
t6766,4235,1,1
t6767,4236,1,1
t6777,4237,1,1
t6780,4238,1,1
t6783,4239,1,1
t6784,4240,1,1
t6785,4241,1,1
t6791,4242,1,1
t6792,4243,1,1
t6798,4244,1,1
t6808,4245,1,1
t6810,4246,1,1
t6815,4247,1,1
t6836,4248,1,1
t6838,4249,1,1
t6841,4250,1,1
t6842,4251,1,1
t6843,4252,1,1
t6854,4253,1,1
t6859,4254,1,1
t6867,4255,1,1
t6879,4256,1,1
t6881,4257,1,1
t6888,4258,1,1
t6894,4259,1,1
t6895,4260,1,1
t6899,4261,1,1
t6900,4262,1,1
t6901,4263,1,1
t6903,4264,1,1
t6915,4265,1,1
t6923,4266,1,1
t6926,4267,1,1
t6937,4268,1,1
t6938,4269,1,1
t6945,4270,1,1
t6948,4271,1,1
t6951,4272,1,1
t6952,4273,1,1
t6959,4274,1,1
t6967,4275,1,1
t6977,4276,1,1
t6978,4277,1,1
t6981,4278,1,1
t6992,4279,1,1
t6995,4280,1,1
t6996,4281,1,1
t7002,4282,1,1
t7003,4283,1,1
t7004,4284,1,1
t7006,4285,1,1
t7008,4286,1,1
t7009,4287,1,1
t7017,4288,1,1
t7025,4289,1,1
t7026,4290,1,1
t7033,4291,1,1
t7035,4292,1,1
t7036,4293,1,1
t7046,4294,1,1
t7050,4295,1,1
t7052,4296,1,1
t7053,4297,1,1
t7054,4298,1,1
t7064,4299,1,1
t7065,4300,1,1
t7069,4301,1,1
t7070,4302,1,1
t7074,4303,1,1
t7079,4304,1,1
t7080,4305,1,1
t7082,4306,1,1
t7093,4307,1,1
t7095,4308,1,1
t7101,4309,1,1
t7105,4310,1,1
t7106,4311,1,1
t7108,4312,1,1
t7109,4313,1,1
t7116,4314,1,1
t7117,4315,1,1
t7119,4316,1,1
t7121,4317,1,1
t7127,4318,1,1
t7129,4319,1,1
t7130,4320,1,1
t7136,4321,1,1
t7138,4322,1,1
t7141,4323,1,1
t7142,4324,1,1
t7143,4325,1,1
t7147,4326,1,1
t7151,4327,1,1
t7152,4328,1,1
t7168,4329,1,1
t7170,4330,1,1
t7176,4331,1,1
t7179,4332,1,1
t7194,4333,1,1
t7196,4334,1,1
t7197,4335,1,1
t7198,4336,1,1
t7202,4337,1,1
t7205,4338,1,1
t7206,4339,1,1
t7210,4340,1,1
t7212,4341,1,1
t7222,4342,1,1
t7225,4343,1,1
t7233,4344,1,1
t7238,4345,1,1
t7241,4346,1,1
t7243,4347,1,1
t7244,4348,1,1
t7247,4349,1,1
t7252,4350,1,1
t7255,4351,1,1
t7263,4352,1,1
t7264,4353,1,1
t7266,4354,1,1
t7268,4355,1,1
t7269,4356,1,1
t7270,4357,1,1
t7271,4358,1,1
t7276,4359,1,1
t7283,4360,1,1
t7284,4361,1,1
t7286,4362,1,1
t7291,4363,1,1
t7294,4364,1,1
t7297,4365,1,1
t7302,4366,1,1
t7311,4367,1,1
t7315,4368,1,1
t7320,4369,1,1
t7357,4370,1,1
t7366,4371,1,1
t7368,4372,1,1
t7369,4373,1,1
t7370,4374,1,1
t7371,4375,1,1
t7373,4376,1,1
t7374,4377,1,1
t7375,4378,1,1
t7376,4379,1,1
t7676,4380,1,1
t7688,4381,1,1
t7695,4382,1,1
t7740,4383,1,1
t7741,4384,1,1
t7742,4385,1,1
t7754,4386,1,1
t7886,4387,1,1
t7897,4388,1,1
t7898,4389,1,1
t7899,4390,1,1
t7938,4391,1,1
t7939,4392,1,1
t7967,4393,1,1
t7968,4394,1,1
t8045,4395,1,1
t8050,4396,1,1
t8084,4397,1,1
t8085,4398,1,1
t8087,4399,1,1
t8088,4400,1,1
t8089,4401,1,1
t8091,4402,1,1
t8092,4403,1,1
t8099,4404,1,1
t8138,4405,1,1
t8139,4406,1,1
t8140,4407,1,1
t8154,4408,1,1
t8215,4409,1,1
t8221,4410,1,1
t8243,4411,1,1
t8245,4412,1,1
t8246,4413,1,1
t8247,4414,1,1
t8248,4415,1,1
t8249,4416,1,1
t8251,4417,1,1
t8299,4418,1,1
t8302,4419,1,1
t8336,4420,1,1
t8339,4421,1,1
t8366,4422,1,1
t8367,4423,1,1
t8368,4424,1,1
t8396,4425,1,1
t8410,4426,1,1
t8492,4427,1,1
t8504,4428,1,1
t8505,4429,1,1
t8506,4430,1,1
t8507,4431,1,1
t8508,4432,1,1
t8510,4433,1,1
t8513,4434,1,1
t8550,4435,1,1
t8551,4436,1,1
t8552,4437,1,1
t8553,4438,1,1
t8554,4439,1,1
t8572,4440,1,1
t8574,4441,1,1
t8576,4442,1,1
t8577,4443,1,1
t8578,4444,1,1
t8579,4445,1,1
t8580,4446,1,1
t8589,4447,1,1
t8591,4448,1,1
t8595,4449,1,1
t8596,4450,1,1
t8597,4451,1,1
t8720,4452,1,1
t8728,4453,1,1
t8729,4454,1,1
t8736,4455,1,1
t8739,4456,1,1
t8801,4457,1,1
t8802,4458,1,1
t8803,4459,1,1
t8806,4460,1,1
t8839,4461,1,1
t8841,4462,1,1
t8984,4463,1,1
t8985,4464,1,1
t8986,4465,1,1
t8987,4466,1,1
t8988,4467,1,1
t8989,4468,1,1
t8990,4469,1,1
t8991,4470,1,1
t8993,4471,1,1
t9043,4472,1,1
t9045,4473,1,1
t9047,4474,1,1
t9048,4475,1,1
t9053,4476,1,1
t9059,4477,1,1
t9108,4478,1,1
t9213,4479,1,1
t9605,4480,1,1
t9606,4481,1,1
t9719,4482,1,1
t9860,4483,1,1
t9922,4484,1,1
t9924,4485,1,1
t9926,4486,1,1
t9927,4487,1,1
t9928,4488,1,1
t9929,4489,1,1
t9930,4490,1,1
t9931,4491,1,1
t9932,4492,1,1
t9935,4493,1,1
t9936,4494,1,1
t9950,4495,1,1
t9951,4496,1,1
t9970,4497,1,1
t10011,4498,1,1
t10012,4499,1,1
t10015,4500,1,1
t10016,4501,1,1
t10017,4502,1,1
t10018,4503,1,1
t10065,4504,1,1
t10066,4505,1,1
t10067,4506,1,1
t10068,4507,1,1
t10069,4508,1,1
t10070,4509,1,1
t10072,4510,1,1
t10073,4511,1,1
t10074,4512,1,1
t10075,4513,1,1
t10076,4514,1,1
t10077,4515,1,1
t10463,4516,1,1
t10464,4517,1,1
t10465,4518,1,1
t10466,4519,1,1
t10468,4520,1,1
t10469,4521,1,1
t10471,4522,1,1
t10472,4523,1,1
t10473,4524,1,1
t10474,4525,1,1
t10476,4526,1,1
t10478,4527,1,1
t10509,4528,1,1
t10534,4529,1,1
t10539,4530,1,1
t10559,4531,1,1
t10561,4532,1,1
t10710,4533,1,1
t10714,4534,1,1
t10736,4535,1,1
t10799,4536,1,1
t10803,4537,1,1
t10848,4538,1,1
t10849,4539,1,1
t10850,4540,1,1
t10852,4541,1,1
t10855,4542,1,1
t10878,4543,1,1
t10893,4544,1,1
t10953,4545,1,1
t10955,4546,1,1
t10964,4547,1,1
t10966,4548,1,1
t11041,4549,1,1
t11042,4550,1,1
t11044,4551,1,1
t11055,4552,1,1
t11056,4553,1,1
t11084,4554,1,1
t11095,4555,1,1
t11218,4556,1,1
t11219,4557,1,1
t11220,4558,1,1
t11229,4559,1,1
t11230,4560,1,1
t11410,4561,1,1
t11411,4562,1,1
t11456,4563,1,1
t11720,4564,1,1
t11812,4565,1,1
t11813,4566,1,1
t11814,4567,1,1
t11815,4568,1,1
t11816,4569,1,1
t11817,4570,1,1
t11818,4571,1,1
t11819,4572,1,1
t11924,4573,1,1
t11925,4574,1,1
t11926,4575,1,1
t11929,4576,1,1
t11930,4577,1,1
t11931,4578,1,1
t12125,4579,1,1
t12126,4580,1,1
t12127,4581,1,1
t12128,4582,1,1
t12297,4583,1,1
t12298,4584,1,1
t12299,4585,1,1
t12300,4586,1,1
t12301,4587,1,1
t12302,4588,1,1
t12303,4589,1,1
t12304,4590,1,1
t12305,4591,1,1
t12306,4592,1,1
t12310,4593,1,1
t12311,4594,1,1
t12312,4595,1,1
t12313,4596,1,1
t12314,4597,1,1
t12315,4598,1,1
t12316,4599,1,1
t12317,4600,1,1
t12318,4601,1,1
t12319,4602,1,1
t12320,4603,1,1
t12321,4604,1,1
t12337,4605,1,1
t12338,4606,1,1
t12339,4607,1,1
t12340,4608,1,1
t12353,4609,1,1
t12354,4610,1,1
t12355,4611,1,1
t12356,4612,1,1
t12357,4613,1,1
t12358,4614,1,1
t12359,4615,1,1
t12360,4616,1,1
t12361,4617,1,1
t12362,4618,1,1
t12363,4619,1,1
t12364,4620,1,1
t12365,4621,1,1
t12366,4622,1,1
t12367,4623,1,1
t12408,4624,1,1
t12409,4625,1,1
t12410,4626,1,1
t12411,4627,1,1
t12412,4628,1,1
t12413,4629,1,1
t12414,4630,1,1
t12415,4631,1,1
t12475,4632,1,1
t12477,4633,1,1
t12480,4634,1,1
t12481,4635,1,1
t12486,4636,1,1
t12487,4637,1,1
t12488,4638,1,1
t12494,4639,1,1
t12496,4640,1,1
t12508,4641,1,1
t751,4642,1,1
t1518,4643,1,1
t1523,4644,1,1
t2478,4645,1,1
t2597,4646,1,1
t3297,4647,1,1
t5333,4648,1,1
t9196,4649,1,1
t739,4650,1,1
t777,4651,1,1
t1057,4652,1,1
t1350,4653,1,1
t1357,4654,1,1
t1360,4655,1,1
t1389,4656,1,1
t1435,4657,1,1
t1445,4658,1,1
t1464,4659,1,1
t1469,4660,1,1
t1471,4661,1,1
t1481,4662,1,1
t1482,4663,1,1
t1485,4664,1,1
t1488,4665,1,1
t1501,4666,1,1
t1520,4667,1,1
t2289,4668,1,1
t2378,4669,1,1
t3420,4670,1,1
t3468,4671,1,1
t3474,4672,1,1
t3612,4673,1,1
t3621,4674,1,1
t4210,4675,1,1
t4466,4676,1,1
t4520,4677,1,1
t5588,4678,1,1
t7492,4679,1,1
t7600,4680,1,1
t8206,4681,1,1
t8787,4682,1,1
t9560,4683,1,1
t11008,4684,1,1
t11165,4685,1,1
t11237,4686,1,1
t11273,4687,1,1
t208,4688,1,1
t224,4689,1,1
t226,4690,1,1
t232,4691,1,1
t245,4692,1,1
t265,4693,1,1
t296,4694,1,1
t304,4695,1,1
t311,4696,1,1
t313,4697,1,1
t324,4698,1,1
t344,4699,1,1
t389,4700,1,1
t459,4701,1,1
t467,4702,1,1
t476,4703,1,1
t478,4704,1,1
t484,4705,1,1
t549,4706,1,1
t550,4707,1,1
t551,4708,1,1
t552,4709,1,1
t553,4710,1,1
t554,4711,1,1
t555,4712,1,1
t556,4713,1,1
t564,4714,1,1
t644,4715,1,1
t698,4716,1,1
t706,4717,1,1
t710,4718,1,1
t720,4719,1,1
t723,4720,1,1
t743,4721,1,1
t744,4722,1,1
t817,4723,1,1
t831,4724,1,1
t833,4725,1,1
t838,4726,1,1
t844,4727,1,1
t845,4728,1,1
t846,4729,1,1
t867,4730,1,1
t868,4731,1,1
t1448,4732,1,1
t1450,4733,1,1
t1589,4734,1,1
t1682,4735,1,1
t1755,4736,1,1
t1881,4737,1,1
t1943,4738,1,1
t1965,4739,1,1
t2174,4740,1,1
t2177,4741,1,1
t2181,4742,1,1
t2195,4743,1,1
t2469,4744,1,1
t2476,4745,1,1
t2479,4746,1,1
t2488,4747,1,1
t2492,4748,1,1
t2503,4749,1,1
t2506,4750,1,1
t2509,4751,1,1
t2513,4752,1,1
t2519,4753,1,1
t2977,4754,1,1
t3153,4755,1,1
t3175,4756,1,1
t3178,4757,1,1
t3181,4758,1,1
t3183,4759,1,1
t3184,4760,1,1
t3185,4761,1,1
t3186,4762,1,1
t3187,4763,1,1
t3188,4764,1,1
t3189,4765,1,1
t3190,4766,1,1
t3191,4767,1,1
t3192,4768,1,1
t3193,4769,1,1
t3195,4770,1,1
t3196,4771,1,1
t3197,4772,1,1
t3199,4773,1,1
t3200,4774,1,1
t3201,4775,1,1
t3202,4776,1,1
t3204,4777,1,1
t3205,4778,1,1
t3206,4779,1,1
t3207,4780,1,1
t3208,4781,1,1
t3412,4782,1,1
t3413,4783,1,1
t3452,4784,1,1
t3462,4785,1,1
t3490,4786,1,1
t3500,4787,1,1
t3516,4788,1,1
t3777,4789,1,1
t3781,4790,1,1
t3782,4791,1,1
t3785,4792,1,1
t3786,4793,1,1
t3815,4794,1,1
t3816,4795,1,1
t3817,4796,1,1
t3818,4797,1,1
t3819,4798,1,1
t3821,4799,1,1
t3822,4800,1,1
t3823,4801,1,1
t3829,4802,1,1
t3860,4803,1,1
t3898,4804,1,1
t3942,4805,1,1
t3959,4806,1,1
t3960,4807,1,1
t3963,4808,1,1
t3969,4809,1,1
t3973,4810,1,1
t3992,4811,1,1
t4022,4812,1,1
t4032,4813,1,1
t4034,4814,1,1
t4036,4815,1,1
t4037,4816,1,1
t4039,4817,1,1
t4042,4818,1,1
t4048,4819,1,1
t4053,4820,1,1
t4054,4821,1,1
t4073,4822,1,1
t4110,4823,1,1
t4112,4824,1,1
t4115,4825,1,1
t4126,4826,1,1
t4127,4827,1,1
t4158,4828,1,1
t4188,4829,1,1
t4221,4830,1,1
t4253,4831,1,1
t4260,4832,1,1
t4277,4833,1,1
t4289,4834,1,1
t4304,4835,1,1
t4326,4836,1,1
t4382,4837,1,1
t4386,4838,1,1
t4391,4839,1,1
t4396,4840,1,1
t4402,4841,1,1
t4403,4842,1,1
t4405,4843,1,1
t4411,4844,1,1
t4412,4845,1,1
t4413,4846,1,1
t4414,4847,1,1
t4440,4848,1,1
t4463,4849,1,1
t4465,4850,1,1
t4467,4851,1,1
t4524,4852,1,1
t4605,4853,1,1
t4614,4854,1,1
t4616,4855,1,1
t4617,4856,1,1
t4626,4857,1,1
t4637,4858,1,1
t4649,4859,1,1
t4652,4860,1,1
t4672,4861,1,1
t4677,4862,1,1
t4714,4863,1,1
t4726,4864,1,1
t4753,4865,1,1
t4755,4866,1,1
t4762,4867,1,1
t4766,4868,1,1
t4769,4869,1,1
t4770,4870,1,1
t4775,4871,1,1
t4784,4872,1,1
t4790,4873,1,1
t4792,4874,1,1
t4793,4875,1,1
t4814,4876,1,1
t4820,4877,1,1
t4832,4878,1,1
t4838,4879,1,1
t4839,4880,1,1
t4850,4881,1,1
t4859,4882,1,1
t4862,4883,1,1
t4863,4884,1,1
t4872,4885,1,1
t4879,4886,1,1
t4902,4887,1,1
t4906,4888,1,1
t4917,4889,1,1
t4918,4890,1,1
t4962,4891,1,1
t4981,4892,1,1
t4998,4893,1,1
t5002,4894,1,1
t5046,4895,1,1
t5057,4896,1,1
t5071,4897,1,1
t5076,4898,1,1
t5093,4899,1,1
t5135,4900,1,1
t5148,4901,1,1
t5150,4902,1,1
t5162,4903,1,1
t5167,4904,1,1
t5171,4905,1,1
t5188,4906,1,1
t5190,4907,1,1
t5191,4908,1,1
t5195,4909,1,1
t5201,4910,1,1
t5214,4911,1,1
t5220,4912,1,1
t5222,4913,1,1
t5223,4914,1,1
t5225,4915,1,1
t5226,4916,1,1
t5229,4917,1,1
t5231,4918,1,1
t5239,4919,1,1
t5241,4920,1,1
t5248,4921,1,1
t5250,4922,1,1
t5256,4923,1,1
t5261,4924,1,1
t5263,4925,1,1
t5267,4926,1,1
t5271,4927,1,1
t5286,4928,1,1
t5292,4929,1,1
t5293,4930,1,1
t5300,4931,1,1
t5302,4932,1,1
t5307,4933,1,1
t5316,4934,1,1
t5324,4935,1,1
t5328,4936,1,1
t5421,4937,1,1
t5467,4938,1,1
t5468,4939,1,1
t5519,4940,1,1
t5520,4941,1,1
t5526,4942,1,1
t5543,4943,1,1
t5554,4944,1,1
t5555,4945,1,1
t5559,4946,1,1
t5569,4947,1,1
t5600,4948,1,1
t5606,4949,1,1
t5607,4950,1,1
t5634,4951,1,1
t5644,4952,1,1
t5737,4953,1,1
t5791,4954,1,1
t5798,4955,1,1
t5805,4956,1,1
t5809,4957,1,1
t5816,4958,1,1
t5968,4959,1,1
t6015,4960,1,1
t6033,4961,1,1
t6036,4962,1,1
t6041,4963,1,1
t6046,4964,1,1
t6065,4965,1,1
t6110,4966,1,1
t6278,4967,1,1
t6289,4968,1,1
t6308,4969,1,1
t6442,4970,1,1
t6801,4971,1,1
t6809,4972,1,1
t6811,4973,1,1
t6814,4974,1,1
t6816,4975,1,1
t6824,4976,1,1
t6845,4977,1,1
t6856,4978,1,1
t6885,4979,1,1
t6986,4980,1,1
t7015,4981,1,1
t7353,4982,1,1
t7354,4983,1,1
t7362,4984,1,1
t7363,4985,1,1
t7380,4986,1,1
t7383,4987,1,1
t7384,4988,1,1
t7385,4989,1,1
t7386,4990,1,1
t7394,4991,1,1
t7405,4992,1,1
t7406,4993,1,1
t7407,4994,1,1
t7408,4995,1,1
t7412,4996,1,1
t7431,4997,1,1
t7433,4998,1,1
t7471,4999,1,1
t7512,5000,1,1
t7513,5001,1,1
t7514,5002,1,1
t7515,5003,1,1
t7599,5004,1,1
t7675,5005,1,1
t7686,5006,1,1
t7690,5007,1,1
t7692,5008,1,1
t7708,5009,1,1
t7713,5010,1,1
t7718,5011,1,1
t7760,5012,1,1
t7770,5013,1,1
t7789,5014,1,1
t7790,5015,1,1
t7792,5016,1,1
t7794,5017,1,1
t7797,5018,1,1
t7798,5019,1,1
t7799,5020,1,1
t7801,5021,1,1
t7804,5022,1,1
t7805,5023,1,1
t7806,5024,1,1
t7808,5025,1,1
t7828,5026,1,1
t7839,5027,1,1
t7843,5028,1,1
t7845,5029,1,1
t7875,5030,1,1
t7876,5031,1,1
t7877,5032,1,1
t7925,5033,1,1
t7943,5034,1,1
t7944,5035,1,1
t7945,5036,1,1
t7946,5037,1,1
t7947,5038,1,1
t7948,5039,1,1
t7949,5040,1,1
t7960,5041,1,1
t7963,5042,1,1
t7970,5043,1,1
t8103,5044,1,1
t8107,5045,1,1
t8132,5046,1,1
t8135,5047,1,1
t8136,5048,1,1
t8137,5049,1,1
t8189,5050,1,1
t8191,5051,1,1
t8199,5052,1,1
t8200,5053,1,1
t8207,5054,1,1
t8210,5055,1,1
t8296,5056,1,1
t8300,5057,1,1
t8301,5058,1,1
t8303,5059,1,1
t8321,5060,1,1
t8322,5061,1,1
t8398,5062,1,1
t8399,5063,1,1
t8493,5064,1,1
t8499,5065,1,1
t8500,5066,1,1
t8501,5067,1,1
t8529,5068,1,1
t8531,5069,1,1
t8532,5070,1,1
t8533,5071,1,1
t8534,5072,1,1
t8535,5073,1,1
t8536,5074,1,1
t8546,5075,1,1
t8547,5076,1,1
t8555,5077,1,1
t8573,5078,1,1
t8575,5079,1,1
t8611,5080,1,1
t8614,5081,1,1
t8630,5082,1,1
t8631,5083,1,1
t8634,5084,1,1
t8642,5085,1,1
t8680,5086,1,1
t8681,5087,1,1
t8742,5088,1,1
t8743,5089,1,1
t8744,5090,1,1
t8747,5091,1,1
t8833,5092,1,1
t8840,5093,1,1
t8871,5094,1,1
t8873,5095,1,1
t8875,5096,1,1
t8876,5097,1,1
t8877,5098,1,1
t8878,5099,1,1
t8879,5100,1,1
t8880,5101,1,1
t8881,5102,1,1
t8891,5103,1,1
t8893,5104,1,1
t8894,5105,1,1
t8896,5106,1,1
t8899,5107,1,1
t8901,5108,1,1
t8902,5109,1,1
t8903,5110,1,1
t8904,5111,1,1
t8905,5112,1,1
t8906,5113,1,1
t8995,5114,1,1
t9067,5115,1,1
t9068,5116,1,1
t9070,5117,1,1
t9149,5118,1,1
t9150,5119,1,1
t9151,5120,1,1
t9152,5121,1,1
t9154,5122,1,1
t9246,5123,1,1
t9608,5124,1,1
t9850,5125,1,1
t9852,5126,1,1
t9897,5127,1,1
t9937,5128,1,1
t9952,5129,1,1
t9959,5130,1,1
t9969,5131,1,1
t9978,5132,1,1
t9979,5133,1,1
t10064,5134,1,1
t10096,5135,1,1
t10097,5136,1,1
t10154,5137,1,1
t10162,5138,1,1
t10297,5139,1,1
t10305,5140,1,1
t10315,5141,1,1
t10316,5142,1,1
t10317,5143,1,1
t10318,5144,1,1
t10586,5145,1,1
t10604,5146,1,1
t10613,5147,1,1
t10729,5148,1,1
t10738,5149,1,1
t10797,5150,1,1
t10857,5151,1,1
t10860,5152,1,1
t10863,5153,1,1
t10931,5154,1,1
t10949,5155,1,1
t10952,5156,1,1
t10956,5157,1,1
t10957,5158,1,1
t10959,5159,1,1
t10962,5160,1,1
t10965,5161,1,1
t10967,5162,1,1
t10979,5163,1,1
t11005,5164,1,1
t11025,5165,1,1
t11026,5166,1,1
t11043,5167,1,1
t11079,5168,1,1
t11094,5169,1,1
t11096,5170,1,1
t11097,5171,1,1
t11141,5172,1,1
t11142,5173,1,1
t11143,5174,1,1
t11161,5175,1,1
t11188,5176,1,1
t11215,5177,1,1
t11216,5178,1,1
t11217,5179,1,1
t11242,5180,1,1
t11254,5181,1,1
t11255,5182,1,1
t11256,5183,1,1
t11257,5184,1,1
t11261,5185,1,1
t11262,5186,1,1
t11263,5187,1,1
t11264,5188,1,1
t11265,5189,1,1
t11266,5190,1,1
t11275,5191,1,1
t11276,5192,1,1
t11277,5193,1,1
t11278,5194,1,1
t11279,5195,1,1
t11280,5196,1,1
t11281,5197,1,1
t11282,5198,1,1
t11371,5199,1,1
t11372,5200,1,1
t11373,5201,1,1
t11374,5202,1,1
t11404,5203,1,1
t11406,5204,1,1
t11409,5205,1,1
t11413,5206,1,1
t11414,5207,1,1
t11453,5208,1,1
t11459,5209,1,1
t11460,5210,1,1
t11461,5211,1,1
t11476,5212,1,1
t11484,5213,1,1
t11596,5214,1,1
t11597,5215,1,1
t11599,5216,1,1
t11601,5217,1,1
t11603,5218,1,1
t11604,5219,1,1
t11612,5220,1,1
t11615,5221,1,1
t11616,5222,1,1
t11618,5223,1,1
t11630,5224,1,1
t11632,5225,1,1
t11636,5226,1,1
t11637,5227,1,1
t11639,5228,1,1
t11641,5229,1,1
t11642,5230,1,1
t11643,5231,1,1
t11647,5232,1,1
t11648,5233,1,1
t11650,5234,1,1
t11651,5235,1,1
t11660,5236,1,1
t11662,5237,1,1
t11664,5238,1,1
t11667,5239,1,1
t11669,5240,1,1
t11670,5241,1,1
t11671,5242,1,1
t11672,5243,1,1
t11675,5244,1,1
t11678,5245,1,1
t11679,5246,1,1
t11680,5247,1,1
t11703,5248,1,1
t11704,5249,1,1
t11721,5250,1,1
t11741,5251,1,1
t11742,5252,1,1
t11744,5253,1,1
t11747,5254,1,1
t11758,5255,1,1
t11760,5256,1,1
t11768,5257,1,1
t11773,5258,1,1
t11774,5259,1,1
t11775,5260,1,1
t11776,5261,1,1
t11779,5262,1,1
t11780,5263,1,1
t11784,5264,1,1
t11792,5265,1,1
t11799,5266,1,1
t11800,5267,1,1
t11801,5268,1,1
t11805,5269,1,1
t11806,5270,1,1
t11807,5271,1,1
t11809,5272,1,1
t11810,5273,1,1
t11811,5274,1,1
t11875,5275,1,1
t11879,5276,1,1
t11903,5277,1,1
t11982,5278,1,1
t12009,5279,1,1
t12012,5280,1,1
t12036,5281,1,1
t12038,5282,1,1
t12039,5283,1,1
t12040,5284,1,1
t12041,5285,1,1
t12043,5286,1,1
t12044,5287,1,1
t12045,5288,1,1
t12052,5289,1,1
t12082,5290,1,1
t12085,5291,1,1
t12096,5292,1,1
t12101,5293,1,1
t12115,5294,1,1
t12129,5295,1,1
t12130,5296,1,1
t12131,5297,1,1
t12132,5298,1,1
t12133,5299,1,1
t12134,5300,1,1
t12135,5301,1,1
t12136,5302,1,1
t12137,5303,1,1
t12138,5304,1,1
t12139,5305,1,1
t12140,5306,1,1
t12141,5307,1,1
t12142,5308,1,1
t12143,5309,1,1
t12144,5310,1,1
t12157,5311,1,1
t12164,5312,1,1
t12166,5313,1,1
t12170,5314,1,1
t12172,5315,1,1
t12173,5316,1,1
t12175,5317,1,1
t12176,5318,1,1
t12184,5319,1,1
t12186,5320,1,1
t12188,5321,1,1
t12189,5322,1,1
t12190,5323,1,1
t12191,5324,1,1
t12192,5325,1,1
t12193,5326,1,1
t12219,5327,1,1
t12220,5328,1,1
t12221,5329,1,1
t12222,5330,1,1
t12223,5331,1,1
t12225,5332,1,1
t12235,5333,1,1
t12238,5334,1,1
t12241,5335,1,1
t12242,5336,1,1
t12243,5337,1,1
t12244,5338,1,1
t12247,5339,1,1
t12248,5340,1,1
t12253,5341,1,1
t12258,5342,1,1
t12294,5343,1,1
t12374,5344,1,1
t12375,5345,1,1
t12376,5346,1,1
t12377,5347,1,1
t12378,5348,1,1
t12379,5349,1,1
t12380,5350,1,1
t12392,5351,1,1
t12393,5352,1,1
t12394,5353,1,1
t12420,5354,1,1
t12421,5355,1,1
t12422,5356,1,1
t12461,5357,1,1
t12462,5358,1,1
t12463,5359,1,1
t12464,5360,1,1
t12465,5361,1,1
t12466,5362,1,1
t12467,5363,1,1
t12468,5364,1,1
t12505,5365,1,1
t12506,5366,1,1
t12507,5367,1,1
t12524,5368,1,1
t715,5369,1,1
t747,5370,1,1
t801,5371,1,1
t1433,5372,1,1
t1436,5373,1,1
t1437,5374,1,1
t1438,5375,1,1
t1440,5376,1,1
t1463,5377,1,1
t1470,5378,1,1
t1483,5379,1,1
t1498,5380,1,1
t1510,5381,1,1
t1511,5382,1,1
t1529,5383,1,1
t1530,5384,1,1
t1566,5385,1,1
t1911,5386,1,1
t2474,5387,1,1
t2615,5388,1,1
t2654,5389,1,1
t2673,5390,1,1
t3171,5391,1,1
t3238,5392,1,1
t3247,5393,1,1
t3281,5394,1,1
t3284,5395,1,1
t3295,5396,1,1
t3350,5397,1,1
t3356,5398,1,1
t3379,5399,1,1
t3390,5400,1,1
t3405,5401,1,1
t3423,5402,1,1
t3472,5403,1,1
t3571,5404,1,1
t3724,5405,1,1
t3846,5406,1,1
t4415,5407,1,1
t4525,5408,1,1
t5227,5409,1,1
t5228,5410,1,1
t5667,5411,1,1
t5680,5412,1,1
t7232,5413,1,1
t7356,5414,1,1
t7392,5415,1,1
t7562,5416,1,1
t7642,5417,1,1
t8502,5418,1,1
t9245,5419,1,1
t9539,5420,1,1
t9842,5421,1,1
t10149,5422,1,1
t11007,5423,1,1
t11148,5424,1,1
t15,5425,1,1
t20,5426,1,1
t44,5427,1,1
t45,5428,1,1
t46,5429,1,1
t53,5430,1,1
t57,5431,1,1
t58,5432,1,1
t59,5433,1,1
t60,5434,1,1
t61,5435,1,1
t62,5436,1,1
t268,5437,1,1
t269,5438,1,1
t275,5439,1,1
t276,5440,1,1
t282,5441,1,1
t285,5442,1,1
t289,5443,1,1
t290,5444,1,1
t291,5445,1,1
t302,5446,1,1
t305,5447,1,1
t306,5448,1,1
t308,5449,1,1
t312,5450,1,1
t314,5451,1,1
t315,5452,1,1
t318,5453,1,1
t321,5454,1,1
t326,5455,1,1
t345,5456,1,1
t346,5457,1,1
t347,5458,1,1
t348,5459,1,1
t349,5460,1,1
t350,5461,1,1
t351,5462,1,1
t352,5463,1,1
t353,5464,1,1
t354,5465,1,1
t355,5466,1,1
t356,5467,1,1
t357,5468,1,1
t358,5469,1,1
t359,5470,1,1
t360,5471,1,1
t361,5472,1,1
t362,5473,1,1
t363,5474,1,1
t364,5475,1,1
t365,5476,1,1
t366,5477,1,1
t367,5478,1,1
t368,5479,1,1
t369,5480,1,1
t370,5481,1,1
t371,5482,1,1
t372,5483,1,1
t373,5484,1,1